[00:11:33] [main/DEBUG] [FML/]: Injecting tracing printstreams for STDOUT/STDERR.
[00:11:33] [main/INFO] [FML/]: Forge Mod Loader version 7.99.40.1614 for Minecraft 1.7.10 loading
[00:11:33] [main/INFO] [FML/]: Java is OpenJDK 64-Bit Server VM, version 1.8.0_422, running on Windows 10:amd64:10.0, installed at C:\Users\Owner\.jdks\azul-1.8.0_422\jre
[00:11:33] [main/DEBUG] [FML/]: Java classpath at launch is C:\Users\Owner\.gradle\caches\modules-2\files-2.1\org.lwjgl.lwjgl\lwjgl\2.9.4-nightly-20150209\697517568c68e78ae0b4544145af031c81082dfe\lwjgl-2.9.4-nightly-20150209.jar;C:\Users\Owner\.gradle\caches\modules-2\files-2.1\org.lwjgl.lwjgl\lwjgl_util\2.9.4-nightly-20150209\d51a7c040a721d13efdfbd34f8b257b2df882ad0\lwjgl_util-2.9.4-nightly-20150209.jar;C:\Users\Owner\.gradle\caches\modules-2\files-2.1\org.lwjgl.lwjgl\lwjgl-platform\2.9.4-nightly-20150209\b84d5102b9dbfabfeb5e43c7e2828d98a7fc80e0\lwjgl-platform-2.9.4-nightly-20150209-natives-windows.jar;C:\Users\Owner\Documents\Downloads\bullshit\MalisisDoorsragecraftver\build\rfg\mclauncher-1.7.10.jar;C:\Users\Owner\Documents\Downloads\bullshit\MalisisDoorsragecraftver\build\rfg\recompiled_minecraft-1.7.10.jar;C:\Users\Owner\.gradle\caches\modules-2\files-2.1\net.minecraft\launchwrapper\1.12\111e7bea9c968cdb3d06ef4632bf7ff0824d0f36\launchwrapper-1.12.jar;C:\Users\Owner\.gradle\caches\modules-2\files-2.1\com.mojang\authlib\1.5.21\aefba0d5b53fbcb70860bc8046ab95d5854c07a5\authlib-1.5.21.jar;C:\Users\Owner\.gradle\caches\modules-2\files-2.1\com.google.code.findbugs\jsr305\2.0.1\516c03b21d50a644d538de0f0369c620989cd8f0\jsr305-2.0.1.jar;C:\Users\Owner\.gradle\caches\modules-2\files-2.1\com.typesafe.akka\akka-actor_2.11\2.3.3\ed62e9fc709ca0f2ff1a3220daa8b70a2870078e\akka-actor_2.11-2.3.3.jar;C:\Users\Owner\.gradle\caches\modules-2\files-2.1\com.typesafe\config\1.2.1\f771f71fdae3df231bcd54d5ca2d57f0bf93f467\config-1.2.1.jar;C:\Users\Owner\.gradle\caches\modules-2\files-2.1\org.scala-lang\scala-actors-migration_2.11\1.1.0\dfa8bc42b181d5b9f1a5dd147f8ae308b893eb6f\scala-actors-migration_2.11-1.1.0.jar;C:\Users\Owner\.gradle\caches\modules-2\files-2.1\org.scala-lang\scala-compiler\2.11.5\eb2631e425d240f55ffc060c3262caa4d05d8d1a\scala-compiler-2.11.5.jar;C:\Users\Owner\.gradle\caches\modules-2\files-2.1\org.scala-lang.plugins\scala-continuations-library_2.11\1.0.2\e517c53a7e9acd6b1668c5a35eccbaa3bab9aac\scala-continuations-library_2.11-1.0.2.jar;C:\Users\Owner\.gradle\caches\modules-2\files-2.1\org.scala-lang.plugins\scala-continuations-plugin_2.11.1\1.0.2\f361a3283452c57fa30c1ee69448995de23c60f7\scala-continuations-plugin_2.11.1-1.0.2.jar;C:\Users\Owner\.gradle\caches\modules-2\files-2.1\org.scala-lang\scala-library\2.11.5\a5544bb030c5e6c3d81ad116b7dc5024f047df26\scala-library-2.11.5.jar;C:\Users\Owner\.gradle\caches\modules-2\files-2.1\org.scala-lang\scala-parser-combinators_2.11\1.0.1\f05d7345bf5a58924f2837c6c1f4d73a938e1ff0\scala-parser-combinators_2.11-1.0.1.jar;C:\Users\Owner\.gradle\caches\modules-2\files-2.1\org.scala-lang\scala-reflect\2.11.5\69ce65b0f0767c4e5eafaf789fdde7aab78bd9d\scala-reflect-2.11.5.jar;C:\Users\Owner\.gradle\caches\modules-2\files-2.1\org.scala-lang\scala-swing_2.11\1.0.1\b1cdd92bd47b1e1837139c1c53020e86bb9112ae\scala-swing_2.11-1.0.1.jar;C:\Users\Owner\.gradle\caches\modules-2\files-2.1\org.scala-lang\scala-xml_2.11\1.0.2\7a80ec00aec122fba7cd4e0d4cdd87ff7e4cb6d0\scala-xml_2.11-1.0.2.jar;C:\Users\Owner\.gradle\caches\modules-2\files-2.1\lzma\lzma\0.0.1\521616dc7487b42bef0e803bd2fa3faf668101d7\lzma-0.0.1.jar;C:\Users\Owner\.gradle\caches\modules-2\files-2.1\org.ow2.asm\asm-debug-all\5.0.3\f9e364ae2a66ce2a543012a4668856e84e5dab74\asm-debug-all-5.0.3.jar;C:\Users\Owner\.gradle\caches\modules-2\files-2.1\com.paulscode\codecjorbis\20101023\c73b5636faf089d9f00e8732a829577de25237ee\codecjorbis-20101023.jar;C:\Users\Owner\.gradle\caches\modules-2\files-2.1\com.paulscode\codecwav\20101023\12f031cfe88fef5c1dd36c563c0a3a69bd7261da\codecwav-20101023.jar;C:\Users\Owner\.gradle\caches\modules-2\files-2.1\com.paulscode\libraryjavasound\20101123\5c5e304366f75f9eaa2e8cca546a1fb6109348b3\libraryjavasound-20101123.jar;C:\Users\Owner\.gradle\caches\modules-2\files-2.1\com.paulscode\librarylwjglopenal\20100824\73e80d0794c39665aec3f62eee88ca91676674ef\librarylwjglopenal-20100824.jar;C:\Users\Owner\.gradle\caches\modules-2\files-2.1\com.paulscode\soundsystem\20120107\419c05fe9be71f792b2d76cfc9b67f1ed0fec7f6\soundsystem-20120107.jar;C:\Users\Owner\.gradle\caches\modules-2\files-2.1\com.mojang\netty\1.8.8\a796914d1c8a55b4da9f4a8856dd9623375d8bb\netty-1.8.8.jar;C:\Users\Owner\.gradle\caches\modules-2\files-2.1\com.mojang\realms\1.3.5\807ae355ee63583becd7ea60e76aab1532bb42e\realms-1.3.5.jar;C:\Users\Owner\.gradle\caches\modules-2\files-2.1\org.apache.commons\commons-compress\1.8.1\a698750c16740fd5b3871425f4cb3bbaa87f529d\commons-compress-1.8.1.jar;C:\Users\Owner\.gradle\caches\modules-2\files-2.1\org.apache.httpcomponents\httpclient\4.3.3\18f4247ff4572a074444572cee34647c43e7c9c7\httpclient-4.3.3.jar;C:\Users\Owner\.gradle\caches\modules-2\files-2.1\commons-logging\commons-logging\1.1.3\f6f66e966c70a83ffbdb6f17a0919eaf7c8aca7f\commons-logging-1.1.3.jar;C:\Users\Owner\.gradle\caches\modules-2\files-2.1\org.apache.httpcomponents\httpcore\4.3.2\31fbbff1ddbf98f3aa7377c94d33b0447c646b6e\httpcore-4.3.2.jar;C:\Users\Owner\.gradle\caches\modules-2\files-2.1\java3d\vecmath\1.3.1\a0ae4f51da409fa0c20fa0ca59e6bbc9413ae71d\vecmath-1.3.1.jar;C:\Users\Owner\.gradle\caches\modules-2\files-2.1\net.sf.trove4j\trove4j\3.0.3\42ccaf4761f0dfdfa805c9e340d99a755907e2dd\trove4j-3.0.3.jar;C:\Users\Owner\.gradle\caches\modules-2\files-2.1\com.ibm.icu\icu4j-core-mojang\51.2\63d216a9311cca6be337c1e458e587f99d382b84\icu4j-core-mojang-51.2.jar;C:\Users\Owner\.gradle\caches\modules-2\files-2.1\net.sf.jopt-simple\jopt-simple\4.5\6065cc95c661255349c1d0756657be17c29a4fd3\jopt-simple-4.5.jar;C:\Users\Owner\.gradle\caches\modules-2\files-2.1\io.netty\netty-all\4.0.10.Final\9e50bd52ffe257a0e2cd8d971688d6ce7d174325\netty-all-4.0.10.Final.jar;C:\Users\Owner\.gradle\caches\modules-2\files-2.1\com.google.guava\guava\17.0\9c6ef172e8de35fd8d4d8783e4821e57cdef7445\guava-17.0.jar;C:\Users\Owner\.gradle\caches\modules-2\files-2.1\org.apache.commons\commons-lang3\3.3.2\90a3822c38ec8c996e84c16a3477ef632cbc87a3\commons-lang3-3.3.2.jar;C:\Users\Owner\.gradle\caches\modules-2\files-2.1\commons-io\commons-io\2.4\b1b6ea3b7e4aa4f492509a4952029cd8e48019ad\commons-io-2.4.jar;C:\Users\Owner\.gradle\caches\modules-2\files-2.1\commons-codec\commons-codec\1.9\9ce04e34240f674bc72680f8b843b1457383161a\commons-codec-1.9.jar;C:\Users\Owner\.gradle\caches\modules-2\files-2.1\net.java.jinput\jinput\2.0.5\39c7796b469a600f72380316f6b1f11db6c2c7c4\jinput-2.0.5.jar;C:\Users\Owner\.gradle\caches\modules-2\files-2.1\net.java.jutils\jutils\1.0.0\e12fe1fda814bd348c1579329c86943d2cd3c6a6\jutils-1.0.0.jar;C:\Users\Owner\.gradle\caches\modules-2\files-2.1\com.google.code.gson\gson\2.2.4\a60a5e993c98c864010053cb901b7eab25306568\gson-2.2.4.jar;C:\Users\Owner\.gradle\caches\modules-2\files-2.1\org.apache.logging.log4j\log4j-api\2.0-beta9-fixed\b61eaf2e64d8b0277e188262a8b771bbfa1502b3\log4j-api-2.0-beta9-fixed.jar;C:\Users\Owner\.gradle\caches\modules-2\files-2.1\org.apache.logging.log4j\log4j-core\2.0-beta9-fixed\677991ea2d7426f76309a73739cecf609679492c\log4j-core-2.0-beta9-fixed.jar;C:\Users\Owner\.gradle\caches\modules-2\files-2.1\net.java.jinput\jinput-platform\2.0.5\385ee093e01f587f30ee1c8a2ee7d408fd732e16\jinput-platform-2.0.5-natives-windows.jar;C:\Users\Owner\.gradle\caches\modules-2\files-2.1\net.java.jinput\jinput-platform\2.0.5\7ff832a6eb9ab6a767f1ade2b548092d0fa64795\jinput-platform-2.0.5-natives-linux.jar;C:\Users\Owner\.gradle\caches\modules-2\files-2.1\net.java.jinput\jinput-platform\2.0.5\53f9c919f34d2ca9de8c51fc4e1e8282029a9232\jinput-platform-2.0.5-natives-osx.jar;C:\Users\Owner\.gradle\caches\modules-2\files-2.1\tv.twitch\twitch\5.16\1f55f009c61637c10c0acfb8b5ffc600f30044b4\twitch-5.16.jar;C:\Users\Owner\.gradle\caches\modules-2\files-2.1\tv.twitch\twitch-platform\5.16\39d0c3d363735b4785598e0e7fbf8297c706a9f9\twitch-platform-5.16-natives-windows-64.jar;C:\Users\Owner\.gradle\caches\modules-2\files-2.1\tv.twitch\twitch-platform\5.16\7c6affe439099806a4f552da14c42f9d643d8b23\twitch-platform-5.16-natives-windows-32.jar;C:\Users\Owner\.gradle\caches\modules-2\files-2.1\tv.twitch\twitch-platform\5.16\62503ee712766cf77f97252e5902786fd834b8c5\twitch-platform-5.16-natives-osx.jar;C:\Users\Owner\.gradle\caches\modules-2\files-2.1\tv.twitch\twitch-external-platform\4.5\c3cde57891b935d41b6680a9c5e1502eeab76d86\twitch-external-platform-4.5-natives-windows-64.jar;C:\Users\Owner\.gradle\caches\modules-2\files-2.1\tv.twitch\twitch-external-platform\4.5\18215140f010c05b9f86ef6f0f8871954d2ccebf\twitch-external-platform-4.5-natives-windows-32.jar;C:\Users\Owner\Documents\Downloads\bullshit\MalisisDoorsragecraftver\build\libs\malisisdoors-1.7.10-1.13.2-dev.jar;C:\Users\Owner\.gradle\caches\modules-2\files-2.1\com.github.GTNewHorizons\NotEnoughItems\2.8.114-GTNH\393c9abfb8d6686c665523b72057964cee8af1c3\NotEnoughItems-2.8.114-GTNH-dev.jar;C:\Users\Owner\.gradle\caches\modules-2\files-2.1\com.github.GTNewHorizons\CodeChickenCore\1.4.16\4db37cb4250f811d56469144784ac934803b602d\CodeChickenCore-1.4.16-dev.jar;C:\Users\Owner\.gradle\caches\modules-2\files-2.1\org.antlr\antlr4\4.13.2\a2bc0d399506a7297568baee188b481727d45d3b\antlr4-4.13.2.jar;C:\Users\Owner\.gradle\caches\modules-2\files-2.1\org.antlr\antlr4-runtime\4.13.2\fc3db6d844df652a3d5db31c87fa12757f13691d\antlr4-runtime-4.13.2.jar;C:\Users\Owner\.gradle\caches\modules-2\files-2.1\org.antlr\ST4\4.3.4\bf68d049dd4e6e104055a79ac3bf9e6307d29258\ST4-4.3.4.jar;C:\Users\Owner\.gradle\caches\modules-2\files-2.1\org.antlr\antlr-runtime\3.5.3\9011fb189c5ed6d99e5f3322514848d1ec1e1416\antlr-runtime-3.5.3.jar;C:\Users\Owner\.gradle\caches\modules-2\files-2.1\org.abego.treelayout\org.abego.treelayout.core\1.0.3\457216e8e6578099ae63667bb1e4439235892028\org.abego.treelayout.core-1.0.3.jar;C:\Users\Owner\.gradle\caches\modules-2\files-2.1\com.ibm.icu\icu4j\72.1\bc9057df4b5efddf7f6d1880bf7f3399f4ce5633\icu4j-72.1.jar
[00:11:33] [main/DEBUG] [FML/]: Java library path at launch is C:\Users\Owner\Documents\Downloads\bullshit\MalisisDoorsragecraftver\run\natives\lwjgl2;C:\Program Files\Eclipse Adoptium\jdk-8.0.462.8-hotspot\bin;C:\WINDOWS\Sun\Java\bin;C:\WINDOWS\system32;C:\WINDOWS;C:\Program Files\Eclipse Adoptium\jdk-21.0.8.9-hotspot\bin;C:\Program Files\Eclipse Adoptium\jdk-17.0.16.8-hotspot\bin;C:\Program Files\Eclipse Adoptium\jdk-8.0.462.8-hotspot\bin;C:\Program Files\Zulu\zulu-8\bin\;C:\Program Files\Common Files\Oracle\Java\javapath;C:\Program Files (x86)\Common Files\Oracle\Java\java8path;C:\Program Files (x86)\Common Files\Oracle\Java\javapath;C:\Program Files\Java\jdk1.8.0_241\bin;C:\WINDOWS\system32;C:\WINDOWS;C:\WINDOWS\System32\Wbem;C:\WINDOWS\System32\WindowsPowerShell\v1.0\;C:\WINDOWS\System32\OpenSSH\;C:\Program Files\dotnet\;C:\Program Files (x86)\NVIDIA Corporation\PhysX\Common;C:\Program Files\Eclipse Adoptium\jdk-8.0.462.8-hotspot\\bin;E:\fucc;C:\Program Files\NVIDIA Corporation\NVIDIA app\NvDLISR;C:\Program Files\Git\cmd;C:\mavenshit\apache-maven-3.9.9-bin\apache-maven-3.9.9\bin;C:\Program Files\Git\bin;C:\Program Files\Git\usr\bin;C:\Program Files\7-Zip;C:\ffmpeg\ffmpeg-8.0-essentials_build\bin;;C:\worldpainter;C:\worldpaintermodern\worldpainter;C:\Users\Owner\AppData\Local\Microsoft\WindowsApps;C:\Users\Owner\AppData\Local\GitHubDesktop\bin;C:\Users\Owner\AppData\Local\Programs\Microsoft VS Code\bin;C:\Users\Owner\AppData\Local\JetBrains\Toolbox\scripts;;.
[00:11:33] [main/INFO] [FML/]: Managed to load a deobfuscated Minecraft name- we are in a deobfuscated environment. Skipping runtime deobfuscation
[00:11:33] [main/DEBUG] [FML/]: Instantiating coremod class FMLCorePlugin
[00:11:33] [main/DEBUG] [FML/]: Added access transformer class cpw.mods.fml.common.asm.transformers.AccessTransformer to enqueued access transformers
[00:11:33] [main/DEBUG] [FML/]: Enqueued coremod FMLCorePlugin
[00:11:33] [main/DEBUG] [FML/]: Instantiating coremod class FMLForgePlugin
[00:11:33] [main/DEBUG] [FML/]: Added access transformer class net.minecraftforge.transformers.ForgeAccessTransformer to enqueued access transformers
[00:11:33] [main/DEBUG] [FML/]: Enqueued coremod FMLForgePlugin
[00:11:33] [main/DEBUG] [FML/]: All fundamental core mods are successfully located
[00:11:33] [main/INFO] [FML/]: Found a command line coremod : codechicken.nei.asm.NEICorePlugin
[00:11:33] [main/DEBUG] [FML/]: Instantiating coremod class NEICorePlugin
[00:11:33] [main/DEBUG] [FML/]: The coremod codechicken.nei.asm.NEICorePlugin requested minecraft version 1.7.10 and minecraft is 1.7.10. It will be loaded.
[00:11:33] [main/DEBUG] [FML/]: Enqueued coremod NEICorePlugin
[00:11:33] [main/INFO] [FML/]: Found a command line coremod : codechicken.core.launch.CodeChickenCorePlugin
[00:11:33] [main/DEBUG] [FML/]: Instantiating coremod class CodeChickenCorePlugin
[00:11:33] [main/DEBUG] [FML/]: The coremod codechicken.core.launch.CodeChickenCorePlugin requested minecraft version 1.7.10 and minecraft is 1.7.10. It will be loaded.
[00:11:33] [main/DEBUG] [FML/]: Enqueued coremod CodeChickenCorePlugin
[00:11:33] [main/DEBUG] [FML/]: Attempting to load commandline specified mods, relative to C:\Users\Owner\Documents\Downloads\bullshit\MalisisDoorsragecraftver\run
[00:11:33] [main/DEBUG] [FML/]: Discovering coremods
[00:11:33] [main/INFO] [LaunchWrapper/]: Calling tweak class net.minecraftforge.gradle.tweakers.CoremodTweaker
[00:11:33] [main/INFO] [GradleStart/]: Injecting location in coremod cpw.mods.fml.relauncher.FMLCorePlugin
[00:11:33] [main/INFO] [GradleStart/]: Injecting location in coremod net.minecraftforge.classloading.FMLForgePlugin
[00:11:33] [main/INFO] [GradleStart/]: Injecting location in coremod codechicken.nei.asm.NEICorePlugin
[00:11:33] [main/INFO] [GradleStart/]: Injecting location in coremod codechicken.core.launch.CodeChickenCorePlugin
[00:11:33] [main/INFO] [LaunchWrapper/]: Loading tweak class name cpw.mods.fml.common.launcher.FMLInjectionAndSortingTweaker
[00:11:33] [main/INFO] [LaunchWrapper/]: Loading tweak class name cpw.mods.fml.common.launcher.FMLDeobfTweaker
[00:11:33] [main/INFO] [LaunchWrapper/]: Loading tweak class name net.minecraftforge.gradle.tweakers.AccessTransformerTweaker
[00:11:33] [main/INFO] [LaunchWrapper/]: Calling tweak class cpw.mods.fml.common.launcher.FMLInjectionAndSortingTweaker
[00:11:33] [main/INFO] [LaunchWrapper/]: Calling tweak class cpw.mods.fml.common.launcher.FMLInjectionAndSortingTweaker
[00:11:33] [main/INFO] [LaunchWrapper/]: Calling tweak class cpw.mods.fml.relauncher.CoreModManager$FMLPluginWrapper
[00:11:33] [main/DEBUG] [FML/]: Injecting coremod FMLCorePlugin {cpw.mods.fml.relauncher.FMLCorePlugin} class transformers
[00:11:33] [main/TRACE] [FML/]: Registering transformer cpw.mods.fml.common.asm.transformers.MarkerTransformer
[00:11:33] [main/TRACE] [FML/]: Registering transformer cpw.mods.fml.common.asm.transformers.SideTransformer
[00:11:33] [main/TRACE] [FML/]: Registering transformer cpw.mods.fml.common.asm.transformers.EventSubscriptionTransformer
[00:11:33] [main/DEBUG] [FML/]: Injection complete
[00:11:33] [main/DEBUG] [FML/]: Running coremod plugin for FMLCorePlugin {cpw.mods.fml.relauncher.FMLCorePlugin}
[00:11:33] [main/DEBUG] [FML/]: Running coremod plugin FMLCorePlugin
[00:11:33] [main/ERROR] [FML/]: The binary patch set is missing. Either you are in a development environment, or things are not going to work!
[00:11:33] [main/ERROR] [FML/]: FML appears to be missing any signature data. This is not a good thing
[00:11:33] [main/DEBUG] [FML/]: Coremod plugin class FMLCorePlugin run successfully
[00:11:33] [main/INFO] [LaunchWrapper/]: Calling tweak class cpw.mods.fml.relauncher.CoreModManager$FMLPluginWrapper
[00:11:33] [main/DEBUG] [FML/]: Injecting coremod FMLForgePlugin {net.minecraftforge.classloading.FMLForgePlugin} class transformers
[00:11:33] [main/TRACE] [FML/]: Registering transformer net.minecraftforge.classloading.FluidIdTransformer
[00:11:33] [main/DEBUG] [FML/]: Injection complete
[00:11:33] [main/DEBUG] [FML/]: Running coremod plugin for FMLForgePlugin {net.minecraftforge.classloading.FMLForgePlugin}
[00:11:33] [main/DEBUG] [FML/]: Running coremod plugin FMLForgePlugin
[00:11:33] [main/DEBUG] [FML/]: Coremod plugin class FMLForgePlugin run successfully
[00:11:33] [main/INFO] [LaunchWrapper/]: Calling tweak class cpw.mods.fml.relauncher.CoreModManager$FMLPluginWrapper
[00:11:33] [main/DEBUG] [FML/]: Injecting coremod NEICorePlugin {codechicken.nei.asm.NEICorePlugin} class transformers
[00:11:33] [main/TRACE] [FML/]: Registering transformer codechicken.nei.asm.NEITransformer
[00:11:33] [main/DEBUG] [FML/]: Injection complete
[00:11:33] [main/DEBUG] [FML/]: Running coremod plugin for NEICorePlugin {codechicken.nei.asm.NEICorePlugin}
[00:11:33] [main/DEBUG] [FML/]: Running coremod plugin NEICorePlugin
[00:11:33] [main/DEBUG] [FML/]: Coremod plugin class NEICorePlugin run successfully
[00:11:33] [main/INFO] [LaunchWrapper/]: Calling tweak class cpw.mods.fml.relauncher.CoreModManager$FMLPluginWrapper
[00:11:33] [main/DEBUG] [FML/]: Injecting coremod CodeChickenCorePlugin {codechicken.core.launch.CodeChickenCorePlugin} class transformers
[00:11:33] [main/TRACE] [FML/]: Registering transformer codechicken.lib.asm.ClassHeirachyManager
[00:11:33] [main/TRACE] [FML/]: Registering transformer codechicken.lib.asm.RedirectorTransformer
[00:11:33] [main/DEBUG] [FML/]: Injection complete
[00:11:33] [main/DEBUG] [FML/]: Running coremod plugin for CodeChickenCorePlugin {codechicken.core.launch.CodeChickenCorePlugin}
[00:11:33] [main/DEBUG] [FML/]: Running coremod plugin CodeChickenCorePlugin
[00:11:33] [main/TRACE] [FML/]: Registering transformer codechicken.core.asm.TweakTransformer
[00:11:33] [main/DEBUG] [CodeChickenCore/]: No delegated transformer found, skipping registration of main DelegatedTransformer.
[00:11:33] [main/DEBUG] [FML/]: Coremod plugin class CodeChickenCorePlugin run successfully
[00:11:33] [main/INFO] [LaunchWrapper/]: Calling tweak class cpw.mods.fml.common.launcher.FMLDeobfTweaker
[00:11:33] [main/DEBUG] [FML/]: Loaded 57 rules from AccessTransformer config file fml_at.cfg
[00:11:33] [main/DEBUG] [FML/]: Loaded 89 rules from AccessTransformer config file forge_at.cfg
[00:11:33] [main/DEBUG] [FML/]: Loaded 13 rules from AccessTransformer mod jar file C:\Users\Owner\.gradle\caches\modules-2\files-2.1\com.github.GTNewHorizons\NotEnoughItems\2.8.114-GTNH\393c9abfb8d6686c665523b72057964cee8af1c3\NotEnoughItems-2.8.114-GTNH-dev.jar!META-INF/nei_at.cfg

[00:11:33] [main/DEBUG] [FML/]: Validating minecraft
[00:11:33] [main/DEBUG] [FML/]: Minecraft validated, launching...
[00:11:33] [main/INFO] [LaunchWrapper/]: Calling tweak class net.minecraftforge.gradle.tweakers.AccessTransformerTweaker
[00:11:33] [main/DEBUG] [GradleStart/]: Reading CSV file: C:\Users\Owner\.gradle\caches\minecraft\net\minecraftforge\forge\1.7.10-10.13.4.1614-1.7.10\unpacked\conf\fields.csv
[00:11:34] [main/DEBUG] [GradleStart/]: Reading CSV file: C:\Users\Owner\.gradle\caches\minecraft\net\minecraftforge\forge\1.7.10-10.13.4.1614-1.7.10\unpacked\conf\methods.csv
[00:11:34] [main/INFO] [GradleStart/]: Remapping AccessTransformer rules...
[00:11:34] [main/INFO] [LaunchWrapper/]: Loading tweak class name cpw.mods.fml.common.launcher.TerminalTweaker
[00:11:34] [main/INFO] [LaunchWrapper/]: Calling tweak class cpw.mods.fml.common.launcher.TerminalTweaker
[00:11:34] [main/INFO] [LaunchWrapper/]: Launching wrapped minecraft {net.minecraft.client.main.Main}
[00:11:34] [main/DEBUG] [CCL ASM/]: Inserted super call into [net/minecraft/client/renderer/InventoryEffectRenderer.updateScreen()V]
[00:11:34] [main/DEBUG] [CCL ASM/]: Writing method [net/minecraft/client/gui/inventory/GuiContainer.setWorldAndResolution(Lnet/minecraft/client/Minecraft;II)V]
[00:11:34] [main/DEBUG] [CCL ASM/]: Writing method [net/minecraft/client/gui/inventory/GuiContainer.handleKeyboardInput()V]
[00:11:34] [main/DEBUG] [CCL ASM/]: Writing method [net/minecraft/client/gui/inventory/GuiContainer.handleKeyboardInput()V]
[00:11:34] [main/DEBUG] [CCL ASM/]: Writing method [net/minecraft/client/gui/inventory/GuiContainer.handleKeyboardInput()V]
[00:11:34] [main/DEBUG] [CCL ASM/]: Writing method [net/minecraft/client/gui/inventory/GuiContainer.handleMouseInput()V]
[00:11:34] [main/DEBUG] [CCL ASM/]: Writing method [net/minecraft/client/gui/inventory/GuiContainer.public_func_73869_a(CI)V]
[00:11:34] [main/DEBUG] [CCL ASM/]: Writing method [net/minecraft/client/gui/inventory/GuiContainer.public_func_146984_a(Lnet/minecraft/inventory/Slot;III)V]
[00:11:34] [main/DEBUG] [CCL ASM/]: Injecting before method [net/minecraft/client/gui/inventory/GuiContainer.drawScreen(IIF)V]
[00:11:34] [main/DEBUG] [CCL ASM/]: Injecting after method [net/minecraft/client/gui/inventory/GuiContainer.drawScreen(IIF)V] @ 138 - 140
[00:11:34] [main/DEBUG] [CCL ASM/]: Injecting after method [net/minecraft/client/gui/inventory/GuiContainer.drawScreen(IIF)V] @ 220 - 225
[00:11:34] [main/DEBUG] [CCL ASM/]: Replacing method [net/minecraft/client/gui/inventory/GuiContainer.drawScreen(IIF)V] @ 444 - 470
[00:11:34] [main/DEBUG] [CCL ASM/]: Replacing method [net/minecraft/client/gui/inventory/GuiContainer.drawItemStack(Lnet/minecraft/item/ItemStack;IILjava/lang/String;)V] @ 9 - 10
[00:11:34] [main/DEBUG] [CCL ASM/]: Replacing method [net/minecraft/client/gui/inventory/GuiContainer.drawItemStack(Lnet/minecraft/item/ItemStack;IILjava/lang/String;)V] @ 14 - 15
[00:11:34] [main/DEBUG] [CCL ASM/]: Replacing method [net/minecraft/client/gui/inventory/GuiContainer.func_146977_a(Lnet/minecraft/inventory/Slot;)V] @ 298 - 323
[00:11:34] [main/DEBUG] [CCL ASM/]: Injecting before method [net/minecraft/client/gui/inventory/GuiContainer.mouseClicked(III)V]
[00:11:34] [main/DEBUG] [CCL ASM/]: Replacing method [net/minecraft/client/gui/inventory/GuiContainer.mouseClicked(III)V] @ 259 - 260
[00:11:34] [main/DEBUG] [CCL ASM/]: Replacing method [net/minecraft/client/gui/inventory/GuiContainer.mouseClicked(III)V] @ 331 - 332
[00:11:34] [main/DEBUG] [CCL ASM/]: Replacing method [net/minecraft/client/gui/inventory/GuiContainer.mouseClickMove(IIIJ)V] @ 98 - 99
[00:11:34] [main/DEBUG] [CCL ASM/]: Replacing method [net/minecraft/client/gui/inventory/GuiContainer.mouseClickMove(IIIJ)V] @ 107 - 108
[00:11:34] [main/DEBUG] [CCL ASM/]: Replacing method [net/minecraft/client/gui/inventory/GuiContainer.mouseClickMove(IIIJ)V] @ 118 - 119
[00:11:34] [main/DEBUG] [CCL ASM/]: Replacing method [net/minecraft/client/gui/inventory/GuiContainer.mouseMovedOrUp(III)V] @ 158 - 159
[00:11:34] [main/DEBUG] [CCL ASM/]: Replacing method [net/minecraft/client/gui/inventory/GuiContainer.mouseMovedOrUp(III)V] @ 168 - 169
[00:11:34] [main/DEBUG] [CCL ASM/]: Replacing method [net/minecraft/client/gui/inventory/GuiContainer.mouseMovedOrUp(III)V] @ 287 - 288
[00:11:34] [main/DEBUG] [CCL ASM/]: Replacing method [net/minecraft/client/gui/inventory/GuiContainer.mouseMovedOrUp(III)V] @ 295 - 296
[00:11:34] [main/DEBUG] [CCL ASM/]: Replacing method [net/minecraft/client/gui/inventory/GuiContainer.mouseMovedOrUp(III)V] @ 314 - 315
[00:11:34] [main/DEBUG] [CCL ASM/]: Replacing method [net/minecraft/client/gui/inventory/GuiContainer.mouseMovedOrUp(III)V] @ 424 - 425
[00:11:34] [main/DEBUG] [CCL ASM/]: Replacing method [net/minecraft/client/gui/inventory/GuiContainer.mouseMovedOrUp(III)V] @ 454 - 455
[00:11:34] [main/DEBUG] [CCL ASM/]: Replacing method [net/minecraft/client/gui/inventory/GuiContainer.mouseMovedOrUp(III)V] @ 468 - 469
[00:11:34] [main/DEBUG] [CCL ASM/]: Replacing method [net/minecraft/client/gui/inventory/GuiContainer.mouseMovedOrUp(III)V] @ 497 - 498
[00:11:34] [main/DEBUG] [CCL ASM/]: Replacing method [net/minecraft/client/gui/inventory/GuiContainer.mouseMovedOrUp(III)V] @ 557 - 559
[00:11:34] [main/DEBUG] [CCL ASM/]: Replacing method [net/minecraft/client/gui/inventory/GuiContainer.keyTyped(CI)V] @ 54 - 55
[00:11:34] [main/DEBUG] [CCL ASM/]: Replacing method [net/minecraft/client/gui/inventory/GuiContainer.keyTyped(CI)V] @ 84 - 85
[00:11:34] [main/DEBUG] [CCL ASM/]: Replacing method [net/minecraft/client/gui/inventory/GuiContainer.checkHotbarKeys(I)Z] @ 41 - 42
[00:11:34] [main/DEBUG] [CCL ASM/]: Writing method [net/minecraft/client/gui/inventory/GuiContainer.managerHandleMouseClick(Lnet/minecraft/inventory/Slot;III)V]
[00:11:34] [main/DEBUG] [CCL ASM/]: Injecting after method [net/minecraft/client/gui/inventory/GuiContainer.mouseClickMove(IIIJ)V] @ 14 - 15
[00:11:34] [main/DEBUG] [CCL ASM/]: Injecting before method [net/minecraft/client/gui/inventory/GuiContainer.mouseMovedOrUp(III)V]
[00:11:34] [main/DEBUG] [CCL ASM/]: NEI: Injecting mouseUp call
[00:11:34] [main/DEBUG] [CCL ASM/]: Replacing method [net/minecraft/client/gui/inventory/GuiContainer.handleMouseClick(Lnet/minecraft/inventory/Slot;III)V] @ 10 - 26
[00:11:34] [main/DEBUG] [CCL ASM/]: Injecting before method [net/minecraft/client/gui/inventory/GuiContainer.keyTyped(CI)V]
[00:11:34] [main/DEBUG] [CCL ASM/]: Injecting after method [net/minecraft/client/gui/inventory/GuiContainer.updateScreen()V] @ 0 - 4
[00:11:34] [main/DEBUG] [CCL ASM/]: Writing method [net/minecraft/block/Block.canBeReplacedByLeaves(Lnet/minecraft/world/IBlockAccess;III)Z]
[00:11:34] [main/DEBUG] [CCL ASM/]: Writing method [net/minecraft/block/BlockMobSpawner.onBlockPlacedBy(Lnet/minecraft/world/World;IIILnet/minecraft/entity/EntityLivingBase;Lnet/minecraft/item/ItemStack;)V]
[00:11:34] [main/DEBUG] [CCL ASM/]: Injecting before method [net/minecraft/nbt/NBTTagCompound.toString()Ljava/lang/String;] @ 51 - 55
[00:11:35] [main/DEBUG] [CCL ASM/]: Injecting before method [net/minecraft/nbt/NBTTagList.toString()Ljava/lang/String;] @ 56 - 60
[00:11:35] [Client thread/DEBUG] [CCL ASM/]: Injecting before method [net/minecraft/client/settings/GameSettings.saveOptions()V]
[00:11:35] [Client thread/DEBUG] [CCL ASM/]: Injecting after method [net/minecraft/client/settings/GameSettings.saveOptions()V] @ 856 - 860
[00:11:35] [Client thread/DEBUG] [CCL ASM/]: Writing method [net/minecraft/client/settings/KeyBinding.onTick(I)V]
[00:11:35] [Client thread/DEBUG] [CCL ASM/]: Writing method [net/minecraft/client/settings/KeyBinding.setKeyBindState(IZ)V]
[00:11:36] [Client thread/DEBUG] [CCL ASM/]: Replacing method [net/minecraft/client/renderer/entity/RenderItem.renderGlint(IIIII)V] @ 7 - 16
[00:11:36] [Client thread/DEBUG] [FML/]: Bar Finished: Loading Resource - LanguageManager took 0.015s
[00:11:36] [Client thread/INFO] [FML/]: Could not load splash.properties, will create a default one
[00:11:36] [Client thread/INFO] [STDOUT/]: [cpw.mods.fml.client.SplashProgress:start:188]: ---- Minecraft Crash Report ----
// My bad.

Time: 9/3/26 12:11 AM
Description: Loading screen debug info

This is just a prompt for computer specs to be printed. THIS IS NOT A ERROR


A detailed walkthrough of the error, its code path and all known details is as follows:
---------------------------------------------------------------------------------------

-- System Details --
Details:
	Minecraft Version: 1.7.10
	Operating System: Windows 10 (amd64) version 10.0
	Java Version: 1.8.0_422, Azul Systems, Inc.
	Java VM Version: OpenJDK 64-Bit Server VM (mixed mode), Azul Systems, Inc.
	Memory: 849929744 bytes (810 MB) / 1029177344 bytes (981 MB) up to 5726797824 bytes (5461 MB)
	JVM Flags: 2 total; -Xms1G -Xmx6G
	AABB Pool Size: 0 (0 bytes; 0 MB) allocated, 0 (0 bytes; 0 MB) used
	IntCache: cache: 0, tcache: 0, allocated: 0, tallocated: 0
	FML: 
	GL info: ' Vendor: 'NVIDIA Corporation' Version: '4.6.0 NVIDIA 616.56' Renderer: 'NVIDIA GeForce RTX 2080 SUPER/PCIe/SSE2'
[00:11:36] [Client thread/INFO] [MinecraftForge/]: Attempting early MinecraftForge initialization
[00:11:36] [Client thread/INFO] [FML/]: MinecraftForge v10.13.4.1614 Initialized
[00:11:36] [Client thread/DEBUG] [OreDictionaryVisitor/]: Patching getOreID
[00:11:36] [Client thread/TRACE] [OreDictionaryVisitor/]: Adding getOreID MONITERENTER
[00:11:36] [Client thread/TRACE] [OreDictionaryVisitor/]: Adding getOreID MONITEREXIT
[00:11:36] [Client thread/DEBUG] [OreDictionaryVisitor/]: Patching clinit
[00:11:36] [Client thread/TRACE] [OreDictionaryVisitor/]: Adding emptyEntryCreationLock initializer
[00:11:36] [Client thread/DEBUG] [OreDictionaryVisitor/]: Adding emptyEntryCreationLock
[00:11:36] [Client thread/INFO] [FML/]: Replaced 183 ore recipies
[00:11:36] [Client thread/INFO] [MinecraftForge/]: Completed early MinecraftForge initialization
[00:11:36] [Client thread/DEBUG] [FML/]: File C:\Users\Owner\Documents\Downloads\bullshit\MalisisDoorsragecraftver\run\config\injectedDependencies.json not found. No dependencies injected
[00:11:36] [Client thread/DEBUG] [FML/]: Building injected Mod Containers [cpw.mods.fml.common.FMLContainer, net.minecraftforge.common.ForgeModContainer, codechicken.nei.NEIModContainer, codechicken.core.asm.CodeChickenCoreModContainer]
[00:11:36] [Client thread/DEBUG] [FML/]: Attempting to load mods contained in the minecraft jar file and associated classes
[00:11:36] [Client thread/DEBUG] [FML/]: Found a minecraft related file at C:\Users\Owner\.gradle\caches\modules-2\files-2.1\org.lwjgl.lwjgl\lwjgl\2.9.4-nightly-20150209\697517568c68e78ae0b4544145af031c81082dfe\lwjgl-2.9.4-nightly-20150209.jar, examining for mod candidates
[00:11:36] [Client thread/DEBUG] [FML/]: Found a minecraft related file at C:\Users\Owner\.gradle\caches\modules-2\files-2.1\org.lwjgl.lwjgl\lwjgl_util\2.9.4-nightly-20150209\d51a7c040a721d13efdfbd34f8b257b2df882ad0\lwjgl_util-2.9.4-nightly-20150209.jar, examining for mod candidates
[00:11:36] [Client thread/DEBUG] [FML/]: Found a minecraft related file at C:\Users\Owner\.gradle\caches\modules-2\files-2.1\org.lwjgl.lwjgl\lwjgl-platform\2.9.4-nightly-20150209\b84d5102b9dbfabfeb5e43c7e2828d98a7fc80e0\lwjgl-platform-2.9.4-nightly-20150209-natives-windows.jar, examining for mod candidates
[00:11:36] [Client thread/DEBUG] [FML/]: Found a minecraft related file at C:\Users\Owner\Documents\Downloads\bullshit\MalisisDoorsragecraftver\build\rfg\mclauncher-1.7.10.jar, examining for mod candidates
[00:11:36] [Client thread/DEBUG] [FML/]: Found a minecraft related file at C:\Users\Owner\Documents\Downloads\bullshit\MalisisDoorsragecraftver\build\rfg\recompiled_minecraft-1.7.10.jar, examining for mod candidates
[00:11:36] [Client thread/DEBUG] [FML/]: Found a minecraft related file at C:\Users\Owner\.gradle\caches\modules-2\files-2.1\net.minecraft\launchwrapper\1.12\111e7bea9c968cdb3d06ef4632bf7ff0824d0f36\launchwrapper-1.12.jar, examining for mod candidates
[00:11:36] [Client thread/DEBUG] [FML/]: Found a minecraft related file at C:\Users\Owner\.gradle\caches\modules-2\files-2.1\com.mojang\authlib\1.5.21\aefba0d5b53fbcb70860bc8046ab95d5854c07a5\authlib-1.5.21.jar, examining for mod candidates
[00:11:36] [Client thread/DEBUG] [FML/]: Found a minecraft related file at C:\Users\Owner\.gradle\caches\modules-2\files-2.1\com.google.code.findbugs\jsr305\2.0.1\516c03b21d50a644d538de0f0369c620989cd8f0\jsr305-2.0.1.jar, examining for mod candidates
[00:11:36] [Client thread/DEBUG] [FML/]: Found a minecraft related file at C:\Users\Owner\.gradle\caches\modules-2\files-2.1\com.typesafe.akka\akka-actor_2.11\2.3.3\ed62e9fc709ca0f2ff1a3220daa8b70a2870078e\akka-actor_2.11-2.3.3.jar, examining for mod candidates
[00:11:36] [Client thread/DEBUG] [FML/]: Found a minecraft related file at C:\Users\Owner\.gradle\caches\modules-2\files-2.1\com.typesafe\config\1.2.1\f771f71fdae3df231bcd54d5ca2d57f0bf93f467\config-1.2.1.jar, examining for mod candidates
[00:11:36] [Client thread/DEBUG] [FML/]: Found a minecraft related file at C:\Users\Owner\.gradle\caches\modules-2\files-2.1\org.scala-lang\scala-actors-migration_2.11\1.1.0\dfa8bc42b181d5b9f1a5dd147f8ae308b893eb6f\scala-actors-migration_2.11-1.1.0.jar, examining for mod candidates
[00:11:36] [Client thread/DEBUG] [FML/]: Found a minecraft related file at C:\Users\Owner\.gradle\caches\modules-2\files-2.1\org.scala-lang\scala-compiler\2.11.5\eb2631e425d240f55ffc060c3262caa4d05d8d1a\scala-compiler-2.11.5.jar, examining for mod candidates
[00:11:36] [Client thread/DEBUG] [FML/]: Found a minecraft related file at C:\Users\Owner\.gradle\caches\modules-2\files-2.1\org.scala-lang.plugins\scala-continuations-library_2.11\1.0.2\e517c53a7e9acd6b1668c5a35eccbaa3bab9aac\scala-continuations-library_2.11-1.0.2.jar, examining for mod candidates
[00:11:36] [Client thread/DEBUG] [FML/]: Found a minecraft related file at C:\Users\Owner\.gradle\caches\modules-2\files-2.1\org.scala-lang.plugins\scala-continuations-plugin_2.11.1\1.0.2\f361a3283452c57fa30c1ee69448995de23c60f7\scala-continuations-plugin_2.11.1-1.0.2.jar, examining for mod candidates
[00:11:36] [Client thread/DEBUG] [FML/]: Found a minecraft related file at C:\Users\Owner\.gradle\caches\modules-2\files-2.1\org.scala-lang\scala-library\2.11.5\a5544bb030c5e6c3d81ad116b7dc5024f047df26\scala-library-2.11.5.jar, examining for mod candidates
[00:11:36] [Client thread/DEBUG] [FML/]: Found a minecraft related file at C:\Users\Owner\.gradle\caches\modules-2\files-2.1\org.scala-lang\scala-parser-combinators_2.11\1.0.1\f05d7345bf5a58924f2837c6c1f4d73a938e1ff0\scala-parser-combinators_2.11-1.0.1.jar, examining for mod candidates
[00:11:36] [Client thread/DEBUG] [FML/]: Found a minecraft related file at C:\Users\Owner\.gradle\caches\modules-2\files-2.1\org.scala-lang\scala-reflect\2.11.5\69ce65b0f0767c4e5eafaf789fdde7aab78bd9d\scala-reflect-2.11.5.jar, examining for mod candidates
[00:11:36] [Client thread/DEBUG] [FML/]: Found a minecraft related file at C:\Users\Owner\.gradle\caches\modules-2\files-2.1\org.scala-lang\scala-swing_2.11\1.0.1\b1cdd92bd47b1e1837139c1c53020e86bb9112ae\scala-swing_2.11-1.0.1.jar, examining for mod candidates
[00:11:36] [Client thread/DEBUG] [FML/]: Found a minecraft related file at C:\Users\Owner\.gradle\caches\modules-2\files-2.1\org.scala-lang\scala-xml_2.11\1.0.2\7a80ec00aec122fba7cd4e0d4cdd87ff7e4cb6d0\scala-xml_2.11-1.0.2.jar, examining for mod candidates
[00:11:36] [Client thread/DEBUG] [FML/]: Found a minecraft related file at C:\Users\Owner\.gradle\caches\modules-2\files-2.1\lzma\lzma\0.0.1\521616dc7487b42bef0e803bd2fa3faf668101d7\lzma-0.0.1.jar, examining for mod candidates
[00:11:36] [Client thread/DEBUG] [FML/]: Found a minecraft related file at C:\Users\Owner\.gradle\caches\modules-2\files-2.1\org.ow2.asm\asm-debug-all\5.0.3\f9e364ae2a66ce2a543012a4668856e84e5dab74\asm-debug-all-5.0.3.jar, examining for mod candidates
[00:11:36] [Client thread/DEBUG] [FML/]: Found a minecraft related file at C:\Users\Owner\.gradle\caches\modules-2\files-2.1\com.paulscode\codecjorbis\20101023\c73b5636faf089d9f00e8732a829577de25237ee\codecjorbis-20101023.jar, examining for mod candidates
[00:11:36] [Client thread/DEBUG] [FML/]: Found a minecraft related file at C:\Users\Owner\.gradle\caches\modules-2\files-2.1\com.paulscode\codecwav\20101023\12f031cfe88fef5c1dd36c563c0a3a69bd7261da\codecwav-20101023.jar, examining for mod candidates
[00:11:36] [Client thread/DEBUG] [FML/]: Found a minecraft related file at C:\Users\Owner\.gradle\caches\modules-2\files-2.1\com.paulscode\libraryjavasound\20101123\5c5e304366f75f9eaa2e8cca546a1fb6109348b3\libraryjavasound-20101123.jar, examining for mod candidates
[00:11:36] [Client thread/DEBUG] [FML/]: Found a minecraft related file at C:\Users\Owner\.gradle\caches\modules-2\files-2.1\com.paulscode\librarylwjglopenal\20100824\73e80d0794c39665aec3f62eee88ca91676674ef\librarylwjglopenal-20100824.jar, examining for mod candidates
[00:11:36] [Client thread/DEBUG] [FML/]: Found a minecraft related file at C:\Users\Owner\.gradle\caches\modules-2\files-2.1\com.paulscode\soundsystem\20120107\419c05fe9be71f792b2d76cfc9b67f1ed0fec7f6\soundsystem-20120107.jar, examining for mod candidates
[00:11:36] [Client thread/DEBUG] [FML/]: Found a minecraft related file at C:\Users\Owner\.gradle\caches\modules-2\files-2.1\com.mojang\netty\1.8.8\a796914d1c8a55b4da9f4a8856dd9623375d8bb\netty-1.8.8.jar, examining for mod candidates
[00:11:36] [Client thread/DEBUG] [FML/]: Found a minecraft related file at C:\Users\Owner\.gradle\caches\modules-2\files-2.1\com.mojang\realms\1.3.5\807ae355ee63583becd7ea60e76aab1532bb42e\realms-1.3.5.jar, examining for mod candidates
[00:11:36] [Client thread/DEBUG] [FML/]: Found a minecraft related file at C:\Users\Owner\.gradle\caches\modules-2\files-2.1\org.apache.commons\commons-compress\1.8.1\a698750c16740fd5b3871425f4cb3bbaa87f529d\commons-compress-1.8.1.jar, examining for mod candidates
[00:11:36] [Client thread/DEBUG] [FML/]: Found a minecraft related file at C:\Users\Owner\.gradle\caches\modules-2\files-2.1\org.apache.httpcomponents\httpclient\4.3.3\18f4247ff4572a074444572cee34647c43e7c9c7\httpclient-4.3.3.jar, examining for mod candidates
[00:11:36] [Client thread/DEBUG] [FML/]: Found a minecraft related file at C:\Users\Owner\.gradle\caches\modules-2\files-2.1\commons-logging\commons-logging\1.1.3\f6f66e966c70a83ffbdb6f17a0919eaf7c8aca7f\commons-logging-1.1.3.jar, examining for mod candidates
[00:11:36] [Client thread/DEBUG] [FML/]: Found a minecraft related file at C:\Users\Owner\.gradle\caches\modules-2\files-2.1\org.apache.httpcomponents\httpcore\4.3.2\31fbbff1ddbf98f3aa7377c94d33b0447c646b6e\httpcore-4.3.2.jar, examining for mod candidates
[00:11:36] [Client thread/DEBUG] [FML/]: Found a minecraft related file at C:\Users\Owner\.gradle\caches\modules-2\files-2.1\java3d\vecmath\1.3.1\a0ae4f51da409fa0c20fa0ca59e6bbc9413ae71d\vecmath-1.3.1.jar, examining for mod candidates
[00:11:36] [Client thread/DEBUG] [FML/]: Found a minecraft related file at C:\Users\Owner\.gradle\caches\modules-2\files-2.1\net.sf.trove4j\trove4j\3.0.3\42ccaf4761f0dfdfa805c9e340d99a755907e2dd\trove4j-3.0.3.jar, examining for mod candidates
[00:11:36] [Client thread/DEBUG] [FML/]: Found a minecraft related file at C:\Users\Owner\.gradle\caches\modules-2\files-2.1\com.ibm.icu\icu4j-core-mojang\51.2\63d216a9311cca6be337c1e458e587f99d382b84\icu4j-core-mojang-51.2.jar, examining for mod candidates
[00:11:36] [Client thread/DEBUG] [FML/]: Found a minecraft related file at C:\Users\Owner\.gradle\caches\modules-2\files-2.1\net.sf.jopt-simple\jopt-simple\4.5\6065cc95c661255349c1d0756657be17c29a4fd3\jopt-simple-4.5.jar, examining for mod candidates
[00:11:36] [Client thread/DEBUG] [FML/]: Found a minecraft related file at C:\Users\Owner\.gradle\caches\modules-2\files-2.1\io.netty\netty-all\4.0.10.Final\9e50bd52ffe257a0e2cd8d971688d6ce7d174325\netty-all-4.0.10.Final.jar, examining for mod candidates
[00:11:36] [Client thread/DEBUG] [FML/]: Found a minecraft related file at C:\Users\Owner\.gradle\caches\modules-2\files-2.1\com.google.guava\guava\17.0\9c6ef172e8de35fd8d4d8783e4821e57cdef7445\guava-17.0.jar, examining for mod candidates
[00:11:36] [Client thread/DEBUG] [FML/]: Found a minecraft related file at C:\Users\Owner\.gradle\caches\modules-2\files-2.1\org.apache.commons\commons-lang3\3.3.2\90a3822c38ec8c996e84c16a3477ef632cbc87a3\commons-lang3-3.3.2.jar, examining for mod candidates
[00:11:36] [Client thread/DEBUG] [FML/]: Found a minecraft related file at C:\Users\Owner\.gradle\caches\modules-2\files-2.1\commons-io\commons-io\2.4\b1b6ea3b7e4aa4f492509a4952029cd8e48019ad\commons-io-2.4.jar, examining for mod candidates
[00:11:36] [Client thread/DEBUG] [FML/]: Found a minecraft related file at C:\Users\Owner\.gradle\caches\modules-2\files-2.1\commons-codec\commons-codec\1.9\9ce04e34240f674bc72680f8b843b1457383161a\commons-codec-1.9.jar, examining for mod candidates
[00:11:36] [Client thread/DEBUG] [FML/]: Found a minecraft related file at C:\Users\Owner\.gradle\caches\modules-2\files-2.1\net.java.jinput\jinput\2.0.5\39c7796b469a600f72380316f6b1f11db6c2c7c4\jinput-2.0.5.jar, examining for mod candidates
[00:11:36] [Client thread/DEBUG] [FML/]: Found a minecraft related file at C:\Users\Owner\.gradle\caches\modules-2\files-2.1\net.java.jutils\jutils\1.0.0\e12fe1fda814bd348c1579329c86943d2cd3c6a6\jutils-1.0.0.jar, examining for mod candidates
[00:11:36] [Client thread/DEBUG] [FML/]: Found a minecraft related file at C:\Users\Owner\.gradle\caches\modules-2\files-2.1\com.google.code.gson\gson\2.2.4\a60a5e993c98c864010053cb901b7eab25306568\gson-2.2.4.jar, examining for mod candidates
[00:11:36] [Client thread/DEBUG] [FML/]: Found a minecraft related file at C:\Users\Owner\.gradle\caches\modules-2\files-2.1\org.apache.logging.log4j\log4j-api\2.0-beta9-fixed\b61eaf2e64d8b0277e188262a8b771bbfa1502b3\log4j-api-2.0-beta9-fixed.jar, examining for mod candidates
[00:11:36] [Client thread/DEBUG] [FML/]: Found a minecraft related file at C:\Users\Owner\.gradle\caches\modules-2\files-2.1\org.apache.logging.log4j\log4j-core\2.0-beta9-fixed\677991ea2d7426f76309a73739cecf609679492c\log4j-core-2.0-beta9-fixed.jar, examining for mod candidates
[00:11:36] [Client thread/DEBUG] [FML/]: Found a minecraft related file at C:\Users\Owner\.gradle\caches\modules-2\files-2.1\net.java.jinput\jinput-platform\2.0.5\385ee093e01f587f30ee1c8a2ee7d408fd732e16\jinput-platform-2.0.5-natives-windows.jar, examining for mod candidates
[00:11:36] [Client thread/DEBUG] [FML/]: Found a minecraft related file at C:\Users\Owner\.gradle\caches\modules-2\files-2.1\net.java.jinput\jinput-platform\2.0.5\7ff832a6eb9ab6a767f1ade2b548092d0fa64795\jinput-platform-2.0.5-natives-linux.jar, examining for mod candidates
[00:11:36] [Client thread/DEBUG] [FML/]: Found a minecraft related file at C:\Users\Owner\.gradle\caches\modules-2\files-2.1\net.java.jinput\jinput-platform\2.0.5\53f9c919f34d2ca9de8c51fc4e1e8282029a9232\jinput-platform-2.0.5-natives-osx.jar, examining for mod candidates
[00:11:36] [Client thread/DEBUG] [FML/]: Found a minecraft related file at C:\Users\Owner\.gradle\caches\modules-2\files-2.1\tv.twitch\twitch\5.16\1f55f009c61637c10c0acfb8b5ffc600f30044b4\twitch-5.16.jar, examining for mod candidates
[00:11:36] [Client thread/DEBUG] [FML/]: Found a minecraft related file at C:\Users\Owner\.gradle\caches\modules-2\files-2.1\tv.twitch\twitch-platform\5.16\39d0c3d363735b4785598e0e7fbf8297c706a9f9\twitch-platform-5.16-natives-windows-64.jar, examining for mod candidates
[00:11:36] [Client thread/DEBUG] [FML/]: Found a minecraft related file at C:\Users\Owner\.gradle\caches\modules-2\files-2.1\tv.twitch\twitch-platform\5.16\7c6affe439099806a4f552da14c42f9d643d8b23\twitch-platform-5.16-natives-windows-32.jar, examining for mod candidates
[00:11:36] [Client thread/DEBUG] [FML/]: Found a minecraft related file at C:\Users\Owner\.gradle\caches\modules-2\files-2.1\tv.twitch\twitch-platform\5.16\62503ee712766cf77f97252e5902786fd834b8c5\twitch-platform-5.16-natives-osx.jar, examining for mod candidates
[00:11:36] [Client thread/DEBUG] [FML/]: Found a minecraft related file at C:\Users\Owner\.gradle\caches\modules-2\files-2.1\tv.twitch\twitch-external-platform\4.5\c3cde57891b935d41b6680a9c5e1502eeab76d86\twitch-external-platform-4.5-natives-windows-64.jar, examining for mod candidates
[00:11:36] [Client thread/DEBUG] [FML/]: Found a minecraft related file at C:\Users\Owner\.gradle\caches\modules-2\files-2.1\tv.twitch\twitch-external-platform\4.5\18215140f010c05b9f86ef6f0f8871954d2ccebf\twitch-external-platform-4.5-natives-windows-32.jar, examining for mod candidates
[00:11:36] [Client thread/DEBUG] [FML/]: Found a minecraft related file at C:\Users\Owner\Documents\Downloads\bullshit\MalisisDoorsragecraftver\build\libs\malisisdoors-1.7.10-1.13.2-dev.jar, examining for mod candidates
[00:11:36] [Client thread/DEBUG] [FML/]: Found a minecraft related file at C:\Users\Owner\.gradle\caches\modules-2\files-2.1\com.github.GTNewHorizons\NotEnoughItems\2.8.114-GTNH\393c9abfb8d6686c665523b72057964cee8af1c3\NotEnoughItems-2.8.114-GTNH-dev.jar, examining for mod candidates
[00:11:36] [Client thread/DEBUG] [FML/]: Found a minecraft related file at C:\Users\Owner\.gradle\caches\modules-2\files-2.1\com.github.GTNewHorizons\CodeChickenCore\1.4.16\4db37cb4250f811d56469144784ac934803b602d\CodeChickenCore-1.4.16-dev.jar, examining for mod candidates
[00:11:36] [Client thread/DEBUG] [FML/]: Found a minecraft related file at C:\Users\Owner\.gradle\caches\modules-2\files-2.1\org.antlr\antlr4\4.13.2\a2bc0d399506a7297568baee188b481727d45d3b\antlr4-4.13.2.jar, examining for mod candidates
[00:11:36] [Client thread/DEBUG] [FML/]: Found a minecraft related file at C:\Users\Owner\.gradle\caches\modules-2\files-2.1\org.antlr\antlr4-runtime\4.13.2\fc3db6d844df652a3d5db31c87fa12757f13691d\antlr4-runtime-4.13.2.jar, examining for mod candidates
[00:11:36] [Client thread/DEBUG] [FML/]: Found a minecraft related file at C:\Users\Owner\.gradle\caches\modules-2\files-2.1\org.antlr\ST4\4.3.4\bf68d049dd4e6e104055a79ac3bf9e6307d29258\ST4-4.3.4.jar, examining for mod candidates
[00:11:36] [Client thread/DEBUG] [FML/]: Found a minecraft related file at C:\Users\Owner\.gradle\caches\modules-2\files-2.1\org.antlr\antlr-runtime\3.5.3\9011fb189c5ed6d99e5f3322514848d1ec1e1416\antlr-runtime-3.5.3.jar, examining for mod candidates
[00:11:36] [Client thread/DEBUG] [FML/]: Found a minecraft related file at C:\Users\Owner\.gradle\caches\modules-2\files-2.1\org.abego.treelayout\org.abego.treelayout.core\1.0.3\457216e8e6578099ae63667bb1e4439235892028\org.abego.treelayout.core-1.0.3.jar, examining for mod candidates
[00:11:36] [Client thread/DEBUG] [FML/]: Found a minecraft related file at C:\Users\Owner\.gradle\caches\modules-2\files-2.1\com.ibm.icu\icu4j\72.1\bc9057df4b5efddf7f6d1880bf7f3399f4ce5633\icu4j-72.1.jar, examining for mod candidates
[00:11:36] [Client thread/DEBUG] [FML/]: Minecraft jar mods loaded successfully
[00:11:36] [Client thread/INFO] [FML/]: Found 0 mods from the command line. Injecting into mod discoverer
[00:11:36] [Client thread/INFO] [FML/]: Searching C:\Users\Owner\Documents\Downloads\bullshit\MalisisDoorsragecraftver\run\mods for mods
[00:11:36] [Client thread/DEBUG] [FML/]: Examining file lwjgl-2.9.4-nightly-20150209.jar for potential mods
[00:11:36] [Client thread/DEBUG] [FML/]: The mod container lwjgl-2.9.4-nightly-20150209.jar appears to be missing an mcmod.info file
[00:11:36] [Client thread/DEBUG] [FML/]: Examining file lwjgl_util-2.9.4-nightly-20150209.jar for potential mods
[00:11:36] [Client thread/DEBUG] [FML/]: The mod container lwjgl_util-2.9.4-nightly-20150209.jar appears to be missing an mcmod.info file
[00:11:36] [Client thread/DEBUG] [FML/]: Examining file lwjgl-platform-2.9.4-nightly-20150209-natives-windows.jar for potential mods
[00:11:36] [Client thread/DEBUG] [FML/]: The mod container lwjgl-platform-2.9.4-nightly-20150209-natives-windows.jar appears to be missing an mcmod.info file
[00:11:36] [Client thread/DEBUG] [FML/]: Examining file mclauncher-1.7.10.jar for potential mods
[00:11:36] [Client thread/DEBUG] [FML/]: The mod container mclauncher-1.7.10.jar appears to be missing an mcmod.info file
[00:11:36] [Client thread/DEBUG] [FML/]: Examining file recompiled_minecraft-1.7.10.jar for potential mods
[00:11:36] [Client thread/DEBUG] [FML/]: The mod container recompiled_minecraft-1.7.10.jar appears to be missing an mcmod.info file
[00:11:37] [Client thread/DEBUG] [FML/]: Examining file launchwrapper-1.12.jar for potential mods
[00:11:37] [Client thread/DEBUG] [FML/]: The mod container launchwrapper-1.12.jar appears to be missing an mcmod.info file
[00:11:37] [Client thread/DEBUG] [FML/]: Examining file authlib-1.5.21.jar for potential mods
[00:11:37] [Client thread/DEBUG] [FML/]: The mod container authlib-1.5.21.jar appears to be missing an mcmod.info file
[00:11:37] [Client thread/DEBUG] [FML/]: Examining file jsr305-2.0.1.jar for potential mods
[00:11:37] [Client thread/DEBUG] [FML/]: The mod container jsr305-2.0.1.jar appears to be missing an mcmod.info file
[00:11:37] [Client thread/DEBUG] [FML/]: Examining file akka-actor_2.11-2.3.3.jar for potential mods
[00:11:37] [Client thread/DEBUG] [FML/]: The mod container akka-actor_2.11-2.3.3.jar appears to be missing an mcmod.info file
[00:11:37] [Client thread/DEBUG] [FML/]: Examining file config-1.2.1.jar for potential mods
[00:11:37] [Client thread/DEBUG] [FML/]: The mod container config-1.2.1.jar appears to be missing an mcmod.info file
[00:11:37] [Client thread/DEBUG] [FML/]: Examining file scala-actors-migration_2.11-1.1.0.jar for potential mods
[00:11:37] [Client thread/DEBUG] [FML/]: The mod container scala-actors-migration_2.11-1.1.0.jar appears to be missing an mcmod.info file
[00:11:37] [Client thread/DEBUG] [FML/]: Examining file scala-compiler-2.11.5.jar for potential mods
[00:11:37] [Client thread/DEBUG] [FML/]: The mod container scala-compiler-2.11.5.jar appears to be missing an mcmod.info file
[00:11:38] [Client thread/DEBUG] [FML/]: Examining file scala-continuations-library_2.11-1.0.2.jar for potential mods
[00:11:38] [Client thread/DEBUG] [FML/]: The mod container scala-continuations-library_2.11-1.0.2.jar appears to be missing an mcmod.info file
[00:11:38] [Client thread/DEBUG] [FML/]: Examining file scala-continuations-plugin_2.11.1-1.0.2.jar for potential mods
[00:11:38] [Client thread/DEBUG] [FML/]: The mod container scala-continuations-plugin_2.11.1-1.0.2.jar appears to be missing an mcmod.info file
[00:11:38] [Client thread/DEBUG] [FML/]: Examining file scala-library-2.11.5.jar for potential mods
[00:11:38] [Client thread/DEBUG] [FML/]: The mod container scala-library-2.11.5.jar appears to be missing an mcmod.info file
[00:11:38] [Client thread/DEBUG] [FML/]: Examining file scala-parser-combinators_2.11-1.0.1.jar for potential mods
[00:11:38] [Client thread/DEBUG] [FML/]: The mod container scala-parser-combinators_2.11-1.0.1.jar appears to be missing an mcmod.info file
[00:11:38] [Client thread/DEBUG] [FML/]: Examining file scala-reflect-2.11.5.jar for potential mods
[00:11:38] [Client thread/DEBUG] [FML/]: The mod container scala-reflect-2.11.5.jar appears to be missing an mcmod.info file
[00:11:39] [Client thread/DEBUG] [FML/]: Examining file scala-swing_2.11-1.0.1.jar for potential mods
[00:11:39] [Client thread/DEBUG] [FML/]: The mod container scala-swing_2.11-1.0.1.jar appears to be missing an mcmod.info file
[00:11:39] [Client thread/DEBUG] [FML/]: Examining file scala-xml_2.11-1.0.2.jar for potential mods
[00:11:39] [Client thread/DEBUG] [FML/]: The mod container scala-xml_2.11-1.0.2.jar appears to be missing an mcmod.info file
[00:11:39] [Client thread/DEBUG] [FML/]: Examining file lzma-0.0.1.jar for potential mods
[00:11:39] [Client thread/DEBUG] [FML/]: The mod container lzma-0.0.1.jar appears to be missing an mcmod.info file
[00:11:39] [Client thread/DEBUG] [FML/]: Examining file asm-debug-all-5.0.3.jar for potential mods
[00:11:39] [Client thread/DEBUG] [FML/]: The mod container asm-debug-all-5.0.3.jar appears to be missing an mcmod.info file
[00:11:39] [Client thread/DEBUG] [FML/]: Examining file codecjorbis-20101023.jar for potential mods
[00:11:39] [Client thread/DEBUG] [FML/]: The mod container codecjorbis-20101023.jar appears to be missing an mcmod.info file
[00:11:39] [Client thread/DEBUG] [FML/]: Examining file codecwav-20101023.jar for potential mods
[00:11:39] [Client thread/DEBUG] [FML/]: The mod container codecwav-20101023.jar appears to be missing an mcmod.info file
[00:11:39] [Client thread/DEBUG] [FML/]: Examining file libraryjavasound-20101123.jar for potential mods
[00:11:39] [Client thread/DEBUG] [FML/]: The mod container libraryjavasound-20101123.jar appears to be missing an mcmod.info file
[00:11:39] [Client thread/DEBUG] [FML/]: Examining file librarylwjglopenal-20100824.jar for potential mods
[00:11:39] [Client thread/DEBUG] [FML/]: The mod container librarylwjglopenal-20100824.jar appears to be missing an mcmod.info file
[00:11:39] [Client thread/DEBUG] [FML/]: Examining file soundsystem-20120107.jar for potential mods
[00:11:39] [Client thread/DEBUG] [FML/]: The mod container soundsystem-20120107.jar appears to be missing an mcmod.info file
[00:11:39] [Client thread/DEBUG] [FML/]: Examining file netty-1.8.8.jar for potential mods
[00:11:39] [Client thread/DEBUG] [FML/]: The mod container netty-1.8.8.jar appears to be missing an mcmod.info file
[00:11:39] [Client thread/DEBUG] [FML/]: Examining file realms-1.3.5.jar for potential mods
[00:11:39] [Client thread/DEBUG] [FML/]: The mod container realms-1.3.5.jar appears to be missing an mcmod.info file
[00:11:39] [Client thread/DEBUG] [FML/]: Examining file commons-compress-1.8.1.jar for potential mods
[00:11:39] [Client thread/DEBUG] [FML/]: The mod container commons-compress-1.8.1.jar appears to be missing an mcmod.info file
[00:11:39] [Client thread/DEBUG] [FML/]: Examining file httpclient-4.3.3.jar for potential mods
[00:11:39] [Client thread/DEBUG] [FML/]: The mod container httpclient-4.3.3.jar appears to be missing an mcmod.info file
[00:11:39] [Client thread/DEBUG] [FML/]: Examining file commons-logging-1.1.3.jar for potential mods
[00:11:39] [Client thread/DEBUG] [FML/]: The mod container commons-logging-1.1.3.jar appears to be missing an mcmod.info file
[00:11:39] [Client thread/DEBUG] [FML/]: Examining file httpcore-4.3.2.jar for potential mods
[00:11:39] [Client thread/DEBUG] [FML/]: The mod container httpcore-4.3.2.jar appears to be missing an mcmod.info file
[00:11:39] [Client thread/DEBUG] [FML/]: Examining file vecmath-1.3.1.jar for potential mods
[00:11:39] [Client thread/DEBUG] [FML/]: The mod container vecmath-1.3.1.jar appears to be missing an mcmod.info file
[00:11:39] [Client thread/DEBUG] [FML/]: Examining file trove4j-3.0.3.jar for potential mods
[00:11:39] [Client thread/DEBUG] [FML/]: The mod container trove4j-3.0.3.jar appears to be missing an mcmod.info file
[00:11:39] [Client thread/DEBUG] [FML/]: Examining file icu4j-core-mojang-51.2.jar for potential mods
[00:11:39] [Client thread/DEBUG] [FML/]: The mod container icu4j-core-mojang-51.2.jar appears to be missing an mcmod.info file
[00:11:39] [Client thread/DEBUG] [FML/]: Examining file jopt-simple-4.5.jar for potential mods
[00:11:39] [Client thread/DEBUG] [FML/]: The mod container jopt-simple-4.5.jar appears to be missing an mcmod.info file
[00:11:39] [Client thread/DEBUG] [FML/]: Examining file netty-all-4.0.10.Final.jar for potential mods
[00:11:39] [Client thread/DEBUG] [FML/]: The mod container netty-all-4.0.10.Final.jar appears to be missing an mcmod.info file
[00:11:39] [Client thread/DEBUG] [FML/]: Examining file guava-17.0.jar for potential mods
[00:11:39] [Client thread/DEBUG] [FML/]: The mod container guava-17.0.jar appears to be missing an mcmod.info file
[00:11:40] [Client thread/DEBUG] [FML/]: Examining file commons-lang3-3.3.2.jar for potential mods
[00:11:40] [Client thread/DEBUG] [FML/]: The mod container commons-lang3-3.3.2.jar appears to be missing an mcmod.info file
[00:11:40] [Client thread/DEBUG] [FML/]: Examining file commons-io-2.4.jar for potential mods
[00:11:40] [Client thread/DEBUG] [FML/]: The mod container commons-io-2.4.jar appears to be missing an mcmod.info file
[00:11:40] [Client thread/DEBUG] [FML/]: Examining file commons-codec-1.9.jar for potential mods
[00:11:40] [Client thread/DEBUG] [FML/]: The mod container commons-codec-1.9.jar appears to be missing an mcmod.info file
[00:11:40] [Client thread/DEBUG] [FML/]: Examining file jinput-2.0.5.jar for potential mods
[00:11:40] [Client thread/DEBUG] [FML/]: The mod container jinput-2.0.5.jar appears to be missing an mcmod.info file
[00:11:40] [Client thread/DEBUG] [FML/]: Examining file jutils-1.0.0.jar for potential mods
[00:11:40] [Client thread/DEBUG] [FML/]: The mod container jutils-1.0.0.jar appears to be missing an mcmod.info file
[00:11:40] [Client thread/DEBUG] [FML/]: Examining file gson-2.2.4.jar for potential mods
[00:11:40] [Client thread/DEBUG] [FML/]: The mod container gson-2.2.4.jar appears to be missing an mcmod.info file
[00:11:40] [Client thread/DEBUG] [FML/]: Examining file log4j-api-2.0-beta9-fixed.jar for potential mods
[00:11:40] [Client thread/DEBUG] [FML/]: The mod container log4j-api-2.0-beta9-fixed.jar appears to be missing an mcmod.info file
[00:11:40] [Client thread/DEBUG] [FML/]: Examining file log4j-core-2.0-beta9-fixed.jar for potential mods
[00:11:40] [Client thread/DEBUG] [FML/]: The mod container log4j-core-2.0-beta9-fixed.jar appears to be missing an mcmod.info file
[00:11:40] [Client thread/DEBUG] [FML/]: Examining file jinput-platform-2.0.5-natives-windows.jar for potential mods
[00:11:40] [Client thread/DEBUG] [FML/]: The mod container jinput-platform-2.0.5-natives-windows.jar appears to be missing an mcmod.info file
[00:11:40] [Client thread/DEBUG] [FML/]: Examining file jinput-platform-2.0.5-natives-linux.jar for potential mods
[00:11:40] [Client thread/DEBUG] [FML/]: The mod container jinput-platform-2.0.5-natives-linux.jar appears to be missing an mcmod.info file
[00:11:40] [Client thread/DEBUG] [FML/]: Examining file jinput-platform-2.0.5-natives-osx.jar for potential mods
[00:11:40] [Client thread/DEBUG] [FML/]: The mod container jinput-platform-2.0.5-natives-osx.jar appears to be missing an mcmod.info file
[00:11:40] [Client thread/DEBUG] [FML/]: Examining file twitch-5.16.jar for potential mods
[00:11:40] [Client thread/DEBUG] [FML/]: The mod container twitch-5.16.jar appears to be missing an mcmod.info file
[00:11:40] [Client thread/DEBUG] [FML/]: Examining file twitch-platform-5.16-natives-windows-64.jar for potential mods
[00:11:40] [Client thread/DEBUG] [FML/]: The mod container twitch-platform-5.16-natives-windows-64.jar appears to be missing an mcmod.info file
[00:11:40] [Client thread/DEBUG] [FML/]: Examining file twitch-platform-5.16-natives-windows-32.jar for potential mods
[00:11:40] [Client thread/DEBUG] [FML/]: The mod container twitch-platform-5.16-natives-windows-32.jar appears to be missing an mcmod.info file
[00:11:40] [Client thread/DEBUG] [FML/]: Examining file twitch-platform-5.16-natives-osx.jar for potential mods
[00:11:40] [Client thread/DEBUG] [FML/]: The mod container twitch-platform-5.16-natives-osx.jar appears to be missing an mcmod.info file
[00:11:40] [Client thread/DEBUG] [FML/]: Examining file twitch-external-platform-4.5-natives-windows-64.jar for potential mods
[00:11:40] [Client thread/DEBUG] [FML/]: The mod container twitch-external-platform-4.5-natives-windows-64.jar appears to be missing an mcmod.info file
[00:11:40] [Client thread/DEBUG] [FML/]: Examining file twitch-external-platform-4.5-natives-windows-32.jar for potential mods
[00:11:40] [Client thread/DEBUG] [FML/]: The mod container twitch-external-platform-4.5-natives-windows-32.jar appears to be missing an mcmod.info file
[00:11:40] [Client thread/DEBUG] [FML/]: Examining file malisisdoors-1.7.10-1.13.2-dev.jar for potential mods
[00:11:40] [Client thread/TRACE] [FML/]: Located mcmod.info file in file malisisdoors-1.7.10-1.13.2-dev.jar
[00:11:40] [Client thread/DEBUG] [FML/]: Identified a mod of type Lcpw/mods/fml/common/Mod; (net.malisis.doors.MalisisDoors) - loading
[00:11:40] [Client thread/TRACE] [malisisdoors/]: Parsed dependency info : [] [] []
[00:11:40] [Client thread/DEBUG] [FML/]: Examining file NotEnoughItems-2.8.114-GTNH-dev.jar for potential mods
[00:11:40] [Client thread/TRACE] [FML/]: Located mcmod.info file in file NotEnoughItems-2.8.114-GTNH-dev.jar
[00:11:40] [Client thread/DEBUG] [FML/]: Examining file CodeChickenCore-1.4.16-dev.jar for potential mods
[00:11:40] [Client thread/TRACE] [FML/]: Located mcmod.info file in file CodeChickenCore-1.4.16-dev.jar
[00:11:40] [Client thread/DEBUG] [FML/]: Examining file antlr4-4.13.2.jar for potential mods
[00:11:40] [Client thread/DEBUG] [FML/]: The mod container antlr4-4.13.2.jar appears to be missing an mcmod.info file
[00:11:40] [Client thread/ERROR] [FML/]: Unable to read a class file correctly
java.lang.IllegalArgumentException
	at org.objectweb.asm.ClassReader.<init>(ClassReader.java:170) ~[asm-debug-all-5.0.3.jar:5.0.3]
	at org.objectweb.asm.ClassReader.<init>(ClassReader.java:153) ~[asm-debug-all-5.0.3.jar:5.0.3]
	at org.objectweb.asm.ClassReader.<init>(ClassReader.java:424) ~[asm-debug-all-5.0.3.jar:5.0.3]
	at cpw.mods.fml.common.discovery.asm.ASMModParser.<init>(ASMModParser.java:52) [ASMModParser.class:?]
	at cpw.mods.fml.common.discovery.JarDiscoverer.discover(JarDiscoverer.java:72) [JarDiscoverer.class:?]
	at cpw.mods.fml.common.discovery.ContainerType.findMods(ContainerType.java:42) [ContainerType.class:?]
	at cpw.mods.fml.common.discovery.ModCandidate.explore(ModCandidate.java:71) [ModCandidate.class:?]
	at cpw.mods.fml.common.discovery.ModDiscoverer.identifyMods(ModDiscoverer.java:131) [ModDiscoverer.class:?]
	at cpw.mods.fml.common.Loader.identifyMods(Loader.java:364) [Loader.class:?]
	at cpw.mods.fml.common.Loader.loadMods(Loader.java:489) [Loader.class:?]
	at cpw.mods.fml.client.FMLClientHandler.beginMinecraftLoading(FMLClientHandler.java:208) [FMLClientHandler.class:?]
	at net.minecraft.client.Minecraft.startGame(Minecraft.java:522) [Minecraft.class:?]
	at net.minecraft.client.Minecraft.run(Minecraft.java:942) [Minecraft.class:?]
	at net.minecraft.client.main.Main.main(Main.java:164) [Main.class:?]
	at sun.reflect.NativeMethodAccessorImpl.invoke0(Native Method) ~[?:1.8.0_422]
	at sun.reflect.NativeMethodAccessorImpl.invoke(NativeMethodAccessorImpl.java:62) ~[?:1.8.0_422]
	at sun.reflect.DelegatingMethodAccessorImpl.invoke(DelegatingMethodAccessorImpl.java:43) ~[?:1.8.0_422]
	at java.lang.reflect.Method.invoke(Method.java:498) ~[?:1.8.0_422]
	at net.minecraft.launchwrapper.Launch.launch(Launch.java:135) [launchwrapper-1.12.jar:?]
	at net.minecraft.launchwrapper.Launch.main(Launch.java:28) [launchwrapper-1.12.jar:?]
	at net.minecraftforge.gradle.GradleStartCommon.launch(GradleStartCommon.java:97) [mclauncher-1.7.10.jar:?]
	at GradleStart.main(GradleStart.java:40) [mclauncher-1.7.10.jar:?]
[00:11:40] [Client thread/ERROR] [FML/]: There was a problem reading the entry org/antlr/v4/Tool$1UndefChecker.class in the jar C:\Users\Owner\.gradle\caches\modules-2\files-2.1\org.antlr\antlr4\4.13.2\a2bc0d399506a7297568baee188b481727d45d3b\antlr4-4.13.2.jar - probably a corrupt zip
cpw.mods.fml.common.LoaderException: java.lang.IllegalArgumentException

	at cpw.mods.fml.common.discovery.asm.ASMModParser.<init>(ASMModParser.java:58) ~[ASMModParser.class:?]
	at cpw.mods.fml.common.discovery.JarDiscoverer.discover(JarDiscoverer.java:72) [JarDiscoverer.class:?]
	at cpw.mods.fml.common.discovery.ContainerType.findMods(ContainerType.java:42) [ContainerType.class:?]
	at cpw.mods.fml.common.discovery.ModCandidate.explore(ModCandidate.java:71) [ModCandidate.class:?]
	at cpw.mods.fml.common.discovery.ModDiscoverer.identifyMods(ModDiscoverer.java:131) [ModDiscoverer.class:?]
	at cpw.mods.fml.common.Loader.identifyMods(Loader.java:364) [Loader.class:?]
	at cpw.mods.fml.common.Loader.loadMods(Loader.java:489) [Loader.class:?]
	at cpw.mods.fml.client.FMLClientHandler.beginMinecraftLoading(FMLClientHandler.java:208) [FMLClientHandler.class:?]
	at net.minecraft.client.Minecraft.startGame(Minecraft.java:522) [Minecraft.class:?]
	at net.minecraft.client.Minecraft.run(Minecraft.java:942) [Minecraft.class:?]
	at net.minecraft.client.main.Main.main(Main.java:164) [Main.class:?]
	at sun.reflect.NativeMethodAccessorImpl.invoke0(Native Method) ~[?:1.8.0_422]
	at sun.reflect.NativeMethodAccessorImpl.invoke(NativeMethodAccessorImpl.java:62) ~[?:1.8.0_422]
	at sun.reflect.DelegatingMethodAccessorImpl.invoke(DelegatingMethodAccessorImpl.java:43) ~[?:1.8.0_422]
	at java.lang.reflect.Method.invoke(Method.java:498) ~[?:1.8.0_422]
	at net.minecraft.launchwrapper.Launch.launch(Launch.java:135) [launchwrapper-1.12.jar:?]
	at net.minecraft.launchwrapper.Launch.main(Launch.java:28) [launchwrapper-1.12.jar:?]
	at net.minecraftforge.gradle.GradleStartCommon.launch(GradleStartCommon.java:97) [mclauncher-1.7.10.jar:?]
	at GradleStart.main(GradleStart.java:40) [mclauncher-1.7.10.jar:?]
Caused by: java.lang.IllegalArgumentException
	at org.objectweb.asm.ClassReader.<init>(ClassReader.java:170) ~[asm-debug-all-5.0.3.jar:5.0.3]
	at org.objectweb.asm.ClassReader.<init>(ClassReader.java:153) ~[asm-debug-all-5.0.3.jar:5.0.3]
	at org.objectweb.asm.ClassReader.<init>(ClassReader.java:424) ~[asm-debug-all-5.0.3.jar:5.0.3]
	at cpw.mods.fml.common.discovery.asm.ASMModParser.<init>(ASMModParser.java:52) ~[ASMModParser.class:?]
	... 18 more
[00:11:40] [Client thread/WARN] [FML/]: Zip file antlr4-4.13.2.jar failed to read properly, it will be ignored
cpw.mods.fml.common.LoaderException: java.lang.IllegalArgumentException

	at cpw.mods.fml.common.discovery.asm.ASMModParser.<init>(ASMModParser.java:58) ~[ASMModParser.class:?]
	at cpw.mods.fml.common.discovery.JarDiscoverer.discover(JarDiscoverer.java:72) [JarDiscoverer.class:?]
	at cpw.mods.fml.common.discovery.ContainerType.findMods(ContainerType.java:42) [ContainerType.class:?]
	at cpw.mods.fml.common.discovery.ModCandidate.explore(ModCandidate.java:71) [ModCandidate.class:?]
	at cpw.mods.fml.common.discovery.ModDiscoverer.identifyMods(ModDiscoverer.java:131) [ModDiscoverer.class:?]
	at cpw.mods.fml.common.Loader.identifyMods(Loader.java:364) [Loader.class:?]
	at cpw.mods.fml.common.Loader.loadMods(Loader.java:489) [Loader.class:?]
	at cpw.mods.fml.client.FMLClientHandler.beginMinecraftLoading(FMLClientHandler.java:208) [FMLClientHandler.class:?]
	at net.minecraft.client.Minecraft.startGame(Minecraft.java:522) [Minecraft.class:?]
	at net.minecraft.client.Minecraft.run(Minecraft.java:942) [Minecraft.class:?]
	at net.minecraft.client.main.Main.main(Main.java:164) [Main.class:?]
	at sun.reflect.NativeMethodAccessorImpl.invoke0(Native Method) ~[?:1.8.0_422]
	at sun.reflect.NativeMethodAccessorImpl.invoke(NativeMethodAccessorImpl.java:62) ~[?:1.8.0_422]
	at sun.reflect.DelegatingMethodAccessorImpl.invoke(DelegatingMethodAccessorImpl.java:43) ~[?:1.8.0_422]
	at java.lang.reflect.Method.invoke(Method.java:498) ~[?:1.8.0_422]
	at net.minecraft.launchwrapper.Launch.launch(Launch.java:135) [launchwrapper-1.12.jar:?]
	at net.minecraft.launchwrapper.Launch.main(Launch.java:28) [launchwrapper-1.12.jar:?]
	at net.minecraftforge.gradle.GradleStartCommon.launch(GradleStartCommon.java:97) [mclauncher-1.7.10.jar:?]
	at GradleStart.main(GradleStart.java:40) [mclauncher-1.7.10.jar:?]
Caused by: java.lang.IllegalArgumentException
	at org.objectweb.asm.ClassReader.<init>(ClassReader.java:170) ~[asm-debug-all-5.0.3.jar:5.0.3]
	at org.objectweb.asm.ClassReader.<init>(ClassReader.java:153) ~[asm-debug-all-5.0.3.jar:5.0.3]
	at org.objectweb.asm.ClassReader.<init>(ClassReader.java:424) ~[asm-debug-all-5.0.3.jar:5.0.3]
	at cpw.mods.fml.common.discovery.asm.ASMModParser.<init>(ASMModParser.java:52) ~[ASMModParser.class:?]
	... 18 more
[00:11:40] [Client thread/DEBUG] [FML/]: Examining file antlr4-runtime-4.13.2.jar for potential mods
[00:11:40] [Client thread/DEBUG] [FML/]: The mod container antlr4-runtime-4.13.2.jar appears to be missing an mcmod.info file
[00:11:40] [Client thread/DEBUG] [FML/]: Examining file ST4-4.3.4.jar for potential mods
[00:11:40] [Client thread/DEBUG] [FML/]: The mod container ST4-4.3.4.jar appears to be missing an mcmod.info file
[00:11:40] [Client thread/DEBUG] [FML/]: Examining file antlr-runtime-3.5.3.jar for potential mods
[00:11:40] [Client thread/DEBUG] [FML/]: The mod container antlr-runtime-3.5.3.jar appears to be missing an mcmod.info file
[00:11:40] [Client thread/DEBUG] [FML/]: Examining file org.abego.treelayout.core-1.0.3.jar for potential mods
[00:11:40] [Client thread/DEBUG] [FML/]: The mod container org.abego.treelayout.core-1.0.3.jar appears to be missing an mcmod.info file
[00:11:40] [Client thread/DEBUG] [FML/]: Examining file icu4j-72.1.jar for potential mods
[00:11:40] [Client thread/DEBUG] [FML/]: The mod container icu4j-72.1.jar appears to be missing an mcmod.info file
[00:11:40] [Client thread/INFO] [FML/]: Forge Mod Loader has identified 6 mods to load
[00:11:40] [Client thread/TRACE] [FML/]: Received a system property request ''
[00:11:40] [Client thread/TRACE] [FML/]: System property request managing the state of 0 mods
[00:11:40] [Client thread/DEBUG] [FML/]: After merging, found state information for 0 mods
[00:11:40] [Client thread/DEBUG] [FML/]: Found translations in recompiled_minecraft-1.7.10.jar [en_US, af_ZA, ar_SA, br_FR, ca_ES, cs_CZ, da_DK, de_DE, el_GR, en_US, es_ES, fa_IR, fi_FI, fr_FR, he_IL, hu_HU, it_IT, ja_JP, ko_KR, lt_LT, nb_NO, nl_NL, nn_NO, no_NO, pl_PL, pt_BR, pt_PT, ro_RO, ru_RU, sl_SI, sr_SP, sv_SE, tr_TR, uk_UA, vi_VN, zh_CN, zh_TW, en_US]
[00:11:40] [Client thread/DEBUG] [FML/]: Found translations in recompiled_minecraft-1.7.10.jar [en_US, af_ZA, ar_SA, br_FR, ca_ES, cs_CZ, da_DK, de_DE, el_GR, en_US, es_ES, fa_IR, fi_FI, fr_FR, he_IL, hu_HU, it_IT, ja_JP, ko_KR, lt_LT, nb_NO, nl_NL, nn_NO, no_NO, pl_PL, pt_BR, pt_PT, ro_RO, ru_RU, sl_SI, sr_SP, sv_SE, tr_TR, uk_UA, vi_VN, zh_CN, zh_TW, en_US]
[00:11:40] [Client thread/DEBUG] [FML/]: Found translations in NotEnoughItems-2.8.114-GTNH-dev.jar [cs_CZ, de_DE, en_US, et_EE, fr_FR, it_IT, ko_KR, pl_PL, pt_BR, ru_RU, sk_SK, tr_TR, zh_CN, zh_TW]
[00:11:40] [Client thread/DEBUG] [malisisdoors/]: Enabling mod malisisdoors
[00:11:40] [Client thread/DEBUG] [FML/]: Found translations in malisisdoors-1.7.10-1.13.2-dev.jar [cs_CZ, de_DE, en_US, es_AR, fr_FR, ru_RU, zh_CN]
[00:11:40] [Client thread/TRACE] [FML/]: Verifying mod requirements are satisfied
[00:11:40] [Client thread/TRACE] [FML/]: All mod requirements are satisfied
[00:11:40] [Client thread/TRACE] [FML/]: Sorting mods into an ordered list
[00:11:40] [Client thread/TRACE] [FML/]: Mod sorting completed successfully
[00:11:40] [Client thread/DEBUG] [FML/]: Mod sorting data
[00:11:40] [Client thread/DEBUG] [FML/]: 	malisisdoors(Malisis' Doors:1.7.10-1.13.2): malisisdoors-1.7.10-1.13.2-dev.jar ()
[00:11:40] [Client thread/TRACE] [mcp/mcp]: Sending event FMLConstructionEvent to mod mcp
[00:11:40] [Client thread/TRACE] [mcp/mcp]: Sent event FMLConstructionEvent to mod mcp
[00:11:40] [Client thread/DEBUG] [FML/]: Bar Step: Construction - Minecraft Coder Pack took 0.002s
[00:11:40] [Client thread/TRACE] [FML/FML]: Sending event FMLConstructionEvent to mod FML
[00:11:41] [Client thread/TRACE] [FML/FML]: Mod FML is using network checker : Invoking method checkModLists
[00:11:41] [Client thread/TRACE] [FML/FML]: Testing mod FML to verify it accepts its own version in a remote connection
[00:11:41] [Client thread/TRACE] [FML/FML]: The mod FML accepts its own version (7.10.99.99)
[00:11:41] [Client thread/INFO] [FML/FML]: Attempting connection with missing mods [mcp, FML, Forge, NotEnoughItems, CodeChickenCore, malisisdoors] at CLIENT
[00:11:41] [Client thread/INFO] [FML/FML]: Attempting connection with missing mods [mcp, FML, Forge, NotEnoughItems, CodeChickenCore, malisisdoors] at SERVER
[00:11:41] [Client thread/TRACE] [FML/FML]: Sent event FMLConstructionEvent to mod FML
[00:11:41] [Client thread/DEBUG] [FML/]: Bar Step: Construction - Forge Mod Loader took 0.211s
[00:11:41] [Client thread/TRACE] [Forge/Forge]: Sending event FMLConstructionEvent to mod Forge
[00:11:41] [Client thread/TRACE] [FML/Forge]: Mod Forge is using network checker : No network checking performed
[00:11:41] [Client thread/TRACE] [FML/Forge]: Testing mod Forge to verify it accepts its own version in a remote connection
[00:11:41] [Client thread/TRACE] [FML/Forge]: The mod Forge accepts its own version (10.13.4.1614)
[00:11:41] [Client thread/TRACE] [Forge/Forge]: Sent event FMLConstructionEvent to mod Forge
[00:11:41] [Client thread/DEBUG] [FML/]: Bar Step: Construction - Minecraft Forge took 0.008s
[00:11:41] [Client thread/TRACE] [NotEnoughItems/NotEnoughItems]: Sending event FMLConstructionEvent to mod NotEnoughItems
[00:11:41] [Client thread/TRACE] [NotEnoughItems/NotEnoughItems]: Sent event FMLConstructionEvent to mod NotEnoughItems
[00:11:41] [Client thread/DEBUG] [FML/]: Bar Step: Construction - NotEnoughItems took 0.001s
[00:11:41] [Client thread/TRACE] [CodeChickenCore/CodeChickenCore]: Sending event FMLConstructionEvent to mod CodeChickenCore
[00:11:41] [Client thread/TRACE] [CodeChickenCore/CodeChickenCore]: Sent event FMLConstructionEvent to mod CodeChickenCore
[00:11:41] [Client thread/DEBUG] [FML/]: Bar Step: Construction - CodeChicken Core took 0.000s
[00:11:41] [Client thread/TRACE] [malisisdoors/malisisdoors]: Sending event FMLConstructionEvent to mod malisisdoors
[00:11:41] [Client thread/TRACE] [FML/malisisdoors]: Mod malisisdoors is using network checker : Accepting version 1.7.10-1.13.2
[00:11:41] [Client thread/TRACE] [FML/malisisdoors]: Testing mod malisisdoors to verify it accepts its own version in a remote connection
[00:11:41] [Client thread/TRACE] [FML/malisisdoors]: The mod malisisdoors accepts its own version (1.7.10-1.13.2)
[00:11:41] [Client thread/DEBUG] [FML/malisisdoors]: Attempting to inject @SidedProxy classes into malisisdoors
[00:11:41] [Client thread/TRACE] [malisisdoors/malisisdoors]: Sent event FMLConstructionEvent to mod malisisdoors
[00:11:41] [Client thread/DEBUG] [FML/]: Bar Step: Construction - Malisis' Doors took 0.061s
[00:11:41] [Client thread/DEBUG] [FML/]: Bar Finished: Construction took 0.283s
[00:11:41] [Client thread/DEBUG] [FML/]: Mod signature data
[00:11:41] [Client thread/DEBUG] [FML/]:  	Valid Signatures:
[00:11:41] [Client thread/DEBUG] [FML/]:  	Missing Signatures:
[00:11:41] [Client thread/DEBUG] [FML/]: 		mcp	(Minecraft Coder Pack	9.05)	minecraft.jar
[00:11:41] [Client thread/DEBUG] [FML/]: 		FML	(Forge Mod Loader	7.10.99.99)	recompiled_minecraft-1.7.10.jar
[00:11:41] [Client thread/DEBUG] [FML/]: 		Forge	(Minecraft Forge	10.13.4.1614)	recompiled_minecraft-1.7.10.jar
[00:11:41] [Client thread/DEBUG] [FML/]: 		NotEnoughItems	(NotEnoughItems	2.8.114-GTNH)	NotEnoughItems-2.8.114-GTNH-dev.jar
[00:11:41] [Client thread/DEBUG] [FML/]: 		CodeChickenCore	(CodeChicken Core	1.4.16)	minecraft.jar
[00:11:41] [Client thread/DEBUG] [FML/]: 		malisisdoors	(Malisis' Doors	1.7.10-1.13.2)	malisisdoors-1.7.10-1.13.2-dev.jar
[00:11:41] [Client thread/DEBUG] [FML/]: Bar Step: Loading Resources - Default took 0.003s
[00:11:41] [Client thread/DEBUG] [FML/]: Bar Step: Loading Resources - FMLFileResourcePack:Forge Mod Loader took 0.006s
[00:11:41] [Client thread/DEBUG] [FML/]: Bar Step: Loading Resources - FMLFileResourcePack:Minecraft Forge took 0.005s
[00:11:41] [Client thread/DEBUG] [FML/]: Bar Step: Loading Resources - FMLFileResourcePack:NotEnoughItems took 0.001s
[00:11:41] [Client thread/DEBUG] [FML/]: Bar Step: Loading Resources - FMLFileResourcePack:Malisis' Doors took 0.001s
[00:11:41] [Client thread/DEBUG] [FML/]: Bar Finished: Reloading - LanguageManager took 0.018s
[00:11:41] [Client thread/DEBUG] [FML/]: Bar Step: Loading Resources - Reloading listeners took 0.019s
[00:11:41] [Client thread/DEBUG] [FML/]: Bar Finished: Loading Resources took 0.035s
[00:11:41] [Client thread/DEBUG] [Forge Mod Loader/]: Mod Forge Mod Loader is missing a pack.mcmeta file, substituting a dummy one
[00:11:41] [Client thread/DEBUG] [Minecraft Forge/]: Mod Minecraft Forge is missing a pack.mcmeta file, substituting a dummy one
[00:11:41] [Client thread/DEBUG] [NotEnoughItems/]: Mod NotEnoughItems is missing a pack.mcmeta file, substituting a dummy one
[00:11:41] [Client thread/DEBUG] [Malisis' Doors/]: Mod Malisis' Doors is missing a pack.mcmeta file, substituting a dummy one
[00:11:41] [Client thread/INFO] [FML/]: Processing ObjectHolder annotations
[00:11:41] [Client thread/INFO] [FML/]: Found 341 ObjectHolder annotations
[00:11:41] [Client thread/INFO] [FML/]: Identifying ItemStackHolder annotations
[00:11:41] [Client thread/INFO] [FML/]: Found 0 ItemStackHolder annotations
[00:11:41] [Client thread/TRACE] [mcp/mcp]: Sending event FMLPreInitializationEvent to mod mcp
[00:11:41] [Client thread/TRACE] [mcp/mcp]: Sent event FMLPreInitializationEvent to mod mcp
[00:11:41] [Client thread/DEBUG] [FML/]: Bar Step: PreInitialization - Minecraft Coder Pack took 0.001s
[00:11:41] [Client thread/TRACE] [FML/FML]: Sending event FMLPreInitializationEvent to mod FML
[00:11:41] [Client thread/TRACE] [FML/FML]: Sent event FMLPreInitializationEvent to mod FML
[00:11:41] [Client thread/DEBUG] [FML/]: Bar Step: PreInitialization - Forge Mod Loader took 0.000s
[00:11:41] [Client thread/TRACE] [Forge/Forge]: Sending event FMLPreInitializationEvent to mod Forge
[00:11:41] [Client thread/INFO] [FML/Forge]: Configured a dormant chunk cache size of 0
[00:11:41] [Client thread/TRACE] [Forge/Forge]: Sent event FMLPreInitializationEvent to mod Forge
[00:11:41] [Client thread/DEBUG] [FML/]: Bar Step: PreInitialization - Minecraft Forge took 0.025s
[00:11:41] [Client thread/TRACE] [NotEnoughItems/NotEnoughItems]: Sending event FMLPreInitializationEvent to mod NotEnoughItems
[00:11:41] [Forge Version Check/INFO] [STDERR/Forge]: [java.lang.Throwable$WrappedPrintStream:println:749]: com.google.gson.JsonSyntaxException: java.lang.IllegalStateException: Expected BEGIN_OBJECT but was STRING at line 1 column 1
[00:11:41] [Forge Version Check/INFO] [STDERR/Forge]: [java.lang.Throwable$WrappedPrintStream:println:749]: 	at com.google.gson.Gson.fromJson(Gson.java:815)
[00:11:41] [Forge Version Check/INFO] [STDERR/Forge]: [java.lang.Throwable$WrappedPrintStream:println:749]: 	at com.google.gson.Gson.fromJson(Gson.java:768)
[00:11:41] [Forge Version Check/INFO] [STDERR/Forge]: [java.lang.Throwable$WrappedPrintStream:println:749]: 	at com.google.gson.Gson.fromJson(Gson.java:717)
[00:11:41] [Forge Version Check/INFO] [STDERR/Forge]: [java.lang.Throwable$WrappedPrintStream:println:749]: 	at com.google.gson.Gson.fromJson(Gson.java:689)
[00:11:41] [Forge Version Check/INFO] [STDERR/Forge]: [java.lang.Throwable$WrappedPrintStream:println:749]: 	at net.minecraftforge.common.ForgeVersion$1.run(ForgeVersion.java:94)
[00:11:41] [Forge Version Check/INFO] [STDERR/Forge]: [java.lang.Throwable$WrappedPrintStream:println:749]: Caused by: java.lang.IllegalStateException: Expected BEGIN_OBJECT but was STRING at line 1 column 1
[00:11:41] [Forge Version Check/INFO] [STDERR/Forge]: [java.lang.Throwable$WrappedPrintStream:println:749]: 	at com.google.gson.stream.JsonReader.beginObject(JsonReader.java:374)
[00:11:41] [Forge Version Check/INFO] [STDERR/Forge]: [java.lang.Throwable$WrappedPrintStream:println:749]: 	at com.google.gson.internal.bind.MapTypeAdapterFactory$Adapter.read(MapTypeAdapterFactory.java:183)
[00:11:41] [Forge Version Check/INFO] [STDERR/Forge]: [java.lang.Throwable$WrappedPrintStream:println:749]: 	at com.google.gson.internal.bind.MapTypeAdapterFactory$Adapter.read(MapTypeAdapterFactory.java:145)
[00:11:41] [Forge Version Check/INFO] [STDERR/Forge]: [java.lang.Throwable$WrappedPrintStream:println:749]: 	at com.google.gson.Gson.fromJson(Gson.java:803)
[00:11:41] [Forge Version Check/INFO] [STDERR/Forge]: [java.lang.Throwable$WrappedPrintStream:println:749]: 	... 4 more
[00:11:41] [Client thread/INFO] [NotEnoughItems/NotEnoughItems]: Creating default 'serialhandlers.cfg' C:\Users\Owner\Documents\Downloads\bullshit\MalisisDoorsragecraftver\run\config\NEI\serialhandlers.cfg
[00:11:41] [Client thread/INFO] [NotEnoughItems/NotEnoughItems]: Loading 'serialhandlers.cfg' file C:\Users\Owner\Documents\Downloads\bullshit\MalisisDoorsragecraftver\run\config\NEI\serialhandlers.cfg
[00:11:41] [Client thread/INFO] [NotEnoughItems/NotEnoughItems]: Creating default 'hiddenitems.cfg' C:\Users\Owner\Documents\Downloads\bullshit\MalisisDoorsragecraftver\run\config\NEI\hiddenitems.cfg
[00:11:41] [Client thread/INFO] [NotEnoughItems/NotEnoughItems]: Loading 'hiddenitems.cfg' file C:\Users\Owner\Documents\Downloads\bullshit\MalisisDoorsragecraftver\run\config\NEI\hiddenitems.cfg
[00:11:41] [Client thread/INFO] [NotEnoughItems/NotEnoughItems]: Creating default 'heighthackhandlers.cfg' C:\Users\Owner\Documents\Downloads\bullshit\MalisisDoorsragecraftver\run\config\NEI\heighthackhandlers.cfg
[00:11:42] [Client thread/INFO] [NotEnoughItems/NotEnoughItems]: Loading 'heighthackhandlers.cfg' file C:\Users\Owner\Documents\Downloads\bullshit\MalisisDoorsragecraftver\run\config\NEI\heighthackhandlers.cfg
[00:11:42] [Client thread/INFO] [NotEnoughItems/NotEnoughItems]: Creating default 'hiddenhandlers.cfg' C:\Users\Owner\Documents\Downloads\bullshit\MalisisDoorsragecraftver\run\config\NEI\hiddenhandlers.cfg
[00:11:42] [Client thread/INFO] [NotEnoughItems/NotEnoughItems]: Loading 'hiddenhandlers.cfg' file C:\Users\Owner\Documents\Downloads\bullshit\MalisisDoorsragecraftver\run\config\NEI\hiddenhandlers.cfg
[00:11:42] [Client thread/INFO] [NotEnoughItems/NotEnoughItems]: Creating default 'enableautofocus.cfg' C:\Users\Owner\Documents\Downloads\bullshit\MalisisDoorsragecraftver\run\config\NEI\enableautofocus.cfg
[00:11:42] [Client thread/INFO] [NotEnoughItems/NotEnoughItems]: Loading 'enableautofocus.cfg' file C:\Users\Owner\Documents\Downloads\bullshit\MalisisDoorsragecraftver\run\config\NEI\enableautofocus.cfg
[00:11:42] [Client thread/DEBUG] [CCL ASM/NotEnoughItems]: Writing method [codechicken/nei/guihook/GuiContainerManager.getManager(Lnet/minecraft/client/gui/inventory/GuiContainer;)Lcodechicken/nei/guihook/GuiContainerManager;]
[00:11:42] [Client thread/DEBUG] [CCL ASM/NotEnoughItems]: Writing method [codechicken/nei/guihook/GuiContainerManager.callKeyTyped(Lnet/minecraft/client/gui/inventory/GuiContainer;CI)V]
[00:11:42] [Client thread/DEBUG] [CCL ASM/NotEnoughItems]: Writing method [codechicken/nei/guihook/DefaultSlotClickHandler.callHandleMouseClick(Lnet/minecraft/client/gui/inventory/GuiContainer;Lnet/minecraft/inventory/Slot;III)V]
[00:11:42] [Client thread/INFO] [NotEnoughItems/NotEnoughItems]: Creating default 'guicraftablesblacklist.cfg' C:\Users\Owner\Documents\Downloads\bullshit\MalisisDoorsragecraftver\run\config\NEI\guicraftablesblacklist.cfg
[00:11:42] [Client thread/INFO] [NotEnoughItems/NotEnoughItems]: Loading 'guicraftablesblacklist.cfg' file C:\Users\Owner\Documents\Downloads\bullshit\MalisisDoorsragecraftver\run\config\NEI\guicraftablesblacklist.cfg
[00:11:42] [Client thread/INFO] [NotEnoughItems/NotEnoughItems]: Creating default 'defaultbookmarkcontainers.cfg' C:\Users\Owner\Documents\Downloads\bullshit\MalisisDoorsragecraftver\run\config\NEI\defaultbookmarkcontainers.cfg
[00:11:42] [Client thread/INFO] [NotEnoughItems/NotEnoughItems]: Loading 'defaultbookmarkcontainers.cfg' file C:\Users\Owner\Documents\Downloads\bullshit\MalisisDoorsragecraftver\run\config\NEI\defaultbookmarkcontainers.cfg
[00:11:42] [Client thread/INFO] [NotEnoughItems/NotEnoughItems]: Creating default 'guidfilters.cfg' C:\Users\Owner\Documents\Downloads\bullshit\MalisisDoorsragecraftver\run\config\NEI\guidfilters.cfg
[00:11:42] [Client thread/INFO] [NotEnoughItems/NotEnoughItems]: Loading 'guidfilters.cfg' file C:\Users\Owner\Documents\Downloads\bullshit\MalisisDoorsragecraftver\run\config\NEI\guidfilters.cfg
[00:11:42] [Client thread/TRACE] [NotEnoughItems/NotEnoughItems]: Sent event FMLPreInitializationEvent to mod NotEnoughItems
[00:11:42] [Client thread/DEBUG] [FML/]: Bar Step: PreInitialization - NotEnoughItems took 0.741s
[00:11:42] [Client thread/TRACE] [CodeChickenCore/CodeChickenCore]: Sending event FMLPreInitializationEvent to mod CodeChickenCore
[00:11:42] [Client thread/TRACE] [CodeChickenCore/CodeChickenCore]: Sent event FMLPreInitializationEvent to mod CodeChickenCore
[00:11:42] [Client thread/DEBUG] [FML/]: Bar Step: PreInitialization - CodeChicken Core took 0.004s
[00:11:42] [Client thread/TRACE] [malisisdoors/malisisdoors]: Sending event FMLPreInitializationEvent to mod malisisdoors
[00:11:42] [Client thread/INFO] [MalisisDoors/malisisdoors]: Registering CloseInventoryMessage for Packet with discriminator 1 in channel malisisdoors_inv
[00:11:42] [Client thread/INFO] [MalisisDoors/malisisdoors]: Registering InventoryActionMessage for Packet with discriminator 2 in channel malisisdoors_inv
[00:11:42] [Client thread/INFO] [MalisisDoors/malisisdoors]: Registering OpenInventoryMessage for Packet with discriminator 3 in channel malisisdoors_inv
[00:11:42] [Client thread/INFO] [MalisisDoors/malisisdoors]: Registering UpdateInventorySlotsMessage for Packet with discriminator 4 in channel malisisdoors_inv
[00:11:42] [Client thread/INFO] [MalisisDoors/malisisdoors]: Replaced ItemDoor by DoorItem in ShapedOreRecipe
[00:11:42] [Client thread/INFO] [MalisisDoors/malisisdoors]: Replaced ItemDoor by DoorItem in StatCrafting
[00:11:42] [Client thread/INFO] [MalisisDoors/malisisdoors]: Replaced ItemDoor by DoorItem in StatCrafting
[00:11:42] [Client thread/INFO] [MalisisDoors/malisisdoors]: Replaced ItemDoor by DoorItem in ShapedOreRecipe
[00:11:42] [Client thread/INFO] [MalisisDoors/malisisdoors]: Replaced ItemDoor by DoorItem in StatCrafting
[00:11:42] [Client thread/INFO] [MalisisDoors/malisisdoors]: Replaced ItemDoor by DoorItem in StatCrafting
[00:11:42] [Client thread/INFO] [STDERR/malisisdoors]: [java.lang.Throwable$WrappedPrintStream:println:749]: java.lang.NoSuchFieldException: blockInstance
[00:11:42] [Client thread/INFO] [STDERR/malisisdoors]: [java.lang.Throwable$WrappedPrintStream:println:749]: 	at java.lang.Class.getDeclaredField(Class.java:2070)
[00:11:42] [Client thread/INFO] [STDERR/malisisdoors]: [java.lang.Throwable$WrappedPrintStream:println:749]: 	at net.malisis.doors.internal.asm.AsmUtils.changeFieldAccess(AsmUtils.java:247)
[00:11:42] [Client thread/INFO] [STDERR/malisisdoors]: [java.lang.Throwable$WrappedPrintStream:println:749]: 	at net.malisis.doors.internal.util.replacement.ReplacementTool.replaceVanilla(ReplacementTool.java:135)
[00:11:42] [Client thread/INFO] [STDERR/malisisdoors]: [java.lang.Throwable$WrappedPrintStream:println:749]: 	at net.malisis.doors.internal.util.replacement.ReplacementTool.replaceVanillaBlock(ReplacementTool.java:173)
[00:11:42] [Client thread/INFO] [STDERR/malisisdoors]: [java.lang.Throwable$WrappedPrintStream:println:749]: 	at net.malisis.doors.Registers.registerVanillaTrapDoor(Registers.java:152)
[00:11:42] [Client thread/INFO] [STDERR/malisisdoors]: [java.lang.Throwable$WrappedPrintStream:println:749]: 	at net.malisis.doors.Registers.init(Registers.java:96)
[00:11:42] [Client thread/INFO] [STDERR/malisisdoors]: [java.lang.Throwable$WrappedPrintStream:println:749]: 	at net.malisis.doors.MalisisDoors.preInit(MalisisDoors.java:64)
[00:11:42] [Client thread/INFO] [STDERR/malisisdoors]: [java.lang.Throwable$WrappedPrintStream:println:749]: 	at sun.reflect.NativeMethodAccessorImpl.invoke0(Native Method)
[00:11:42] [Client thread/INFO] [STDERR/malisisdoors]: [java.lang.Throwable$WrappedPrintStream:println:749]: 	at sun.reflect.NativeMethodAccessorImpl.invoke(NativeMethodAccessorImpl.java:62)
[00:11:42] [Client thread/INFO] [STDERR/malisisdoors]: [java.lang.Throwable$WrappedPrintStream:println:749]: 	at sun.reflect.DelegatingMethodAccessorImpl.invoke(DelegatingMethodAccessorImpl.java:43)
[00:11:42] [Client thread/INFO] [STDERR/malisisdoors]: [java.lang.Throwable$WrappedPrintStream:println:749]: 	at java.lang.reflect.Method.invoke(Method.java:498)
[00:11:42] [Client thread/INFO] [STDERR/malisisdoors]: [java.lang.Throwable$WrappedPrintStream:println:749]: 	at cpw.mods.fml.common.FMLModContainer.handleModStateEvent(FMLModContainer.java:532)
[00:11:42] [Client thread/INFO] [STDERR/malisisdoors]: [java.lang.Throwable$WrappedPrintStream:println:749]: 	at sun.reflect.NativeMethodAccessorImpl.invoke0(Native Method)
[00:11:42] [Client thread/INFO] [STDERR/malisisdoors]: [java.lang.Throwable$WrappedPrintStream:println:749]: 	at sun.reflect.NativeMethodAccessorImpl.invoke(NativeMethodAccessorImpl.java:62)
[00:11:42] [Client thread/INFO] [STDERR/malisisdoors]: [java.lang.Throwable$WrappedPrintStream:println:749]: 	at sun.reflect.DelegatingMethodAccessorImpl.invoke(DelegatingMethodAccessorImpl.java:43)
[00:11:42] [Client thread/INFO] [STDERR/malisisdoors]: [java.lang.Throwable$WrappedPrintStream:println:749]: 	at java.lang.reflect.Method.invoke(Method.java:498)
[00:11:42] [Client thread/INFO] [STDERR/malisisdoors]: [java.lang.Throwable$WrappedPrintStream:println:749]: 	at com.google.common.eventbus.EventSubscriber.handleEvent(EventSubscriber.java:74)
[00:11:42] [Client thread/INFO] [STDERR/malisisdoors]: [java.lang.Throwable$WrappedPrintStream:println:749]: 	at com.google.common.eventbus.SynchronizedEventSubscriber.handleEvent(SynchronizedEventSubscriber.java:47)
[00:11:42] [Client thread/INFO] [STDERR/malisisdoors]: [java.lang.Throwable$WrappedPrintStream:println:749]: 	at com.google.common.eventbus.EventBus.dispatch(EventBus.java:322)
[00:11:42] [Client thread/INFO] [STDERR/malisisdoors]: [java.lang.Throwable$WrappedPrintStream:println:749]: 	at com.google.common.eventbus.EventBus.dispatchQueuedEvents(EventBus.java:304)
[00:11:42] [Client thread/INFO] [STDERR/malisisdoors]: [java.lang.Throwable$WrappedPrintStream:println:749]: 	at com.google.common.eventbus.EventBus.post(EventBus.java:275)
[00:11:42] [Client thread/INFO] [STDERR/malisisdoors]: [java.lang.Throwable$WrappedPrintStream:println:749]: 	at cpw.mods.fml.common.LoadController.sendEventToModContainer(LoadController.java:212)
[00:11:42] [Client thread/INFO] [STDERR/malisisdoors]: [java.lang.Throwable$WrappedPrintStream:println:749]: 	at cpw.mods.fml.common.LoadController.propogateStateMessage(LoadController.java:190)
[00:11:42] [Client thread/INFO] [STDERR/malisisdoors]: [java.lang.Throwable$WrappedPrintStream:println:749]: 	at sun.reflect.NativeMethodAccessorImpl.invoke0(Native Method)
[00:11:42] [Client thread/INFO] [STDERR/malisisdoors]: [java.lang.Throwable$WrappedPrintStream:println:749]: 	at sun.reflect.NativeMethodAccessorImpl.invoke(NativeMethodAccessorImpl.java:62)
[00:11:42] [Client thread/INFO] [STDERR/malisisdoors]: [java.lang.Throwable$WrappedPrintStream:println:749]: 	at sun.reflect.DelegatingMethodAccessorImpl.invoke(DelegatingMethodAccessorImpl.java:43)
[00:11:42] [Client thread/INFO] [STDERR/malisisdoors]: [java.lang.Throwable$WrappedPrintStream:println:749]: 	at java.lang.reflect.Method.invoke(Method.java:498)
[00:11:42] [Client thread/INFO] [STDERR/malisisdoors]: [java.lang.Throwable$WrappedPrintStream:println:749]: 	at com.google.common.eventbus.EventSubscriber.handleEvent(EventSubscriber.java:74)
[00:11:42] [Client thread/INFO] [STDERR/malisisdoors]: [java.lang.Throwable$WrappedPrintStream:println:749]: 	at com.google.common.eventbus.SynchronizedEventSubscriber.handleEvent(SynchronizedEventSubscriber.java:47)
[00:11:42] [Client thread/INFO] [STDERR/malisisdoors]: [java.lang.Throwable$WrappedPrintStream:println:749]: 	at com.google.common.eventbus.EventBus.dispatch(EventBus.java:322)
[00:11:42] [Client thread/INFO] [STDERR/malisisdoors]: [java.lang.Throwable$WrappedPrintStream:println:749]: 	at com.google.common.eventbus.EventBus.dispatchQueuedEvents(EventBus.java:304)
[00:11:42] [Client thread/INFO] [STDERR/malisisdoors]: [java.lang.Throwable$WrappedPrintStream:println:749]: 	at com.google.common.eventbus.EventBus.post(EventBus.java:275)
[00:11:42] [Client thread/INFO] [STDERR/malisisdoors]: [java.lang.Throwable$WrappedPrintStream:println:749]: 	at cpw.mods.fml.common.LoadController.distributeStateMessage(LoadController.java:119)
[00:11:42] [Client thread/INFO] [STDERR/malisisdoors]: [java.lang.Throwable$WrappedPrintStream:println:749]: 	at cpw.mods.fml.common.Loader.preinitializeMods(Loader.java:556)
[00:11:42] [Client thread/INFO] [STDERR/malisisdoors]: [java.lang.Throwable$WrappedPrintStream:println:749]: 	at cpw.mods.fml.client.FMLClientHandler.beginMinecraftLoading(FMLClientHandler.java:243)
[00:11:42] [Client thread/INFO] [STDERR/malisisdoors]: [java.lang.Throwable$WrappedPrintStream:println:749]: 	at net.minecraft.client.Minecraft.startGame(Minecraft.java:522)
[00:11:42] [Client thread/INFO] [STDERR/malisisdoors]: [java.lang.Throwable$WrappedPrintStream:println:749]: 	at net.minecraft.client.Minecraft.run(Minecraft.java:942)
[00:11:42] [Client thread/INFO] [STDERR/malisisdoors]: [java.lang.Throwable$WrappedPrintStream:println:749]: 	at net.minecraft.client.main.Main.main(Main.java:164)
[00:11:42] [Client thread/INFO] [STDERR/malisisdoors]: [java.lang.Throwable$WrappedPrintStream:println:749]: 	at sun.reflect.NativeMethodAccessorImpl.invoke0(Native Method)
[00:11:42] [Client thread/INFO] [STDERR/malisisdoors]: [java.lang.Throwable$WrappedPrintStream:println:749]: 	at sun.reflect.NativeMethodAccessorImpl.invoke(NativeMethodAccessorImpl.java:62)
[00:11:42] [Client thread/INFO] [STDERR/malisisdoors]: [java.lang.Throwable$WrappedPrintStream:println:749]: 	at sun.reflect.DelegatingMethodAccessorImpl.invoke(DelegatingMethodAccessorImpl.java:43)
[00:11:42] [Client thread/INFO] [STDERR/malisisdoors]: [java.lang.Throwable$WrappedPrintStream:println:749]: 	at java.lang.reflect.Method.invoke(Method.java:498)
[00:11:42] [Client thread/INFO] [STDERR/malisisdoors]: [java.lang.Throwable$WrappedPrintStream:println:749]: 	at net.minecraft.launchwrapper.Launch.launch(Launch.java:135)
[00:11:42] [Client thread/INFO] [STDERR/malisisdoors]: [java.lang.Throwable$WrappedPrintStream:println:749]: 	at net.minecraft.launchwrapper.Launch.main(Launch.java:28)
[00:11:42] [Client thread/INFO] [STDERR/malisisdoors]: [java.lang.Throwable$WrappedPrintStream:println:749]: 	at net.minecraftforge.gradle.GradleStartCommon.launch(GradleStartCommon.java:97)
[00:11:42] [Client thread/INFO] [STDERR/malisisdoors]: [java.lang.Throwable$WrappedPrintStream:println:749]: 	at GradleStart.main(GradleStart.java:40)
[00:11:42] [Client thread/TRACE] [malisisdoors/malisisdoors]: Sent event FMLPreInitializationEvent to mod malisisdoors
[00:11:42] [Client thread/DEBUG] [FML/]: Bar Step: PreInitialization - Malisis' Doors took 0.094s
[00:11:42] [Client thread/DEBUG] [FML/]: Bar Finished: PreInitialization took 0.865s
[00:11:42] [Client thread/INFO] [FML/]: Applying holder lookups
[00:11:42] [Client thread/INFO] [FML/]: Holder lookups applied
[00:11:42] [Client thread/INFO] [FML/]: Injecting itemstacks
[00:11:42] [Client thread/INFO] [FML/]: Itemstack injection complete
[00:11:42] [Client thread/ERROR] [FML/]: Fatal errors were detected during the transition from PREINITIALIZATION to INITIALIZATION. Loading cannot continue
[00:11:42] [Client thread/ERROR] [FML/]: 
	States: 'U' = Unloaded 'L' = Loaded 'C' = Constructed 'H' = Pre-initialized 'I' = Initialized 'J' = Post-initialized 'A' = Available 'D' = Disabled 'E' = Errored
	UCH	mcp{9.05} [Minecraft Coder Pack] (minecraft.jar) 
	UCH	FML{7.10.99.99} [Forge Mod Loader] (recompiled_minecraft-1.7.10.jar) 
	UCH	Forge{10.13.4.1614} [Minecraft Forge] (recompiled_minecraft-1.7.10.jar) 
	UCH	NotEnoughItems{2.8.114-GTNH} [NotEnoughItems] (NotEnoughItems-2.8.114-GTNH-dev.jar) 
	UCH	CodeChickenCore{1.4.16} [CodeChicken Core] (minecraft.jar) 
	UCE	malisisdoors{1.7.10-1.13.2} [Malisis' Doors] (malisisdoors-1.7.10-1.13.2-dev.jar) 
[00:11:42] [Client thread/ERROR] [FML/]: The following problems were captured during this phase
[00:11:42] [Client thread/ERROR] [FML/]: Caught exception from malisisdoors
java.lang.NullPointerException
	at net.malisis.doors.internal.util.replacement.ReplacementTool.replaceVanilla(ReplacementTool.java:135) ~[malisisdoors-1.7.10-1.13.2-dev.jar:?]
	at net.malisis.doors.internal.util.replacement.ReplacementTool.replaceVanillaBlock(ReplacementTool.java:173) ~[malisisdoors-1.7.10-1.13.2-dev.jar:?]
	at net.malisis.doors.Registers.registerVanillaTrapDoor(Registers.java:152) ~[malisisdoors-1.7.10-1.13.2-dev.jar:?]
	at net.malisis.doors.Registers.init(Registers.java:96) ~[malisisdoors-1.7.10-1.13.2-dev.jar:?]
	at net.malisis.doors.MalisisDoors.preInit(MalisisDoors.java:64) ~[malisisdoors-1.7.10-1.13.2-dev.jar:?]
	at sun.reflect.NativeMethodAccessorImpl.invoke0(Native Method) ~[?:1.8.0_422]
	at sun.reflect.NativeMethodAccessorImpl.invoke(NativeMethodAccessorImpl.java:62) ~[?:1.8.0_422]
	at sun.reflect.DelegatingMethodAccessorImpl.invoke(DelegatingMethodAccessorImpl.java:43) ~[?:1.8.0_422]
	at java.lang.reflect.Method.invoke(Method.java:498) ~[?:1.8.0_422]
	at cpw.mods.fml.common.FMLModContainer.handleModStateEvent(FMLModContainer.java:532) ~[recompiled_minecraft-1.7.10.jar:?]
	at sun.reflect.NativeMethodAccessorImpl.invoke0(Native Method) ~[?:1.8.0_422]
	at sun.reflect.NativeMethodAccessorImpl.invoke(NativeMethodAccessorImpl.java:62) ~[?:1.8.0_422]
	at sun.reflect.DelegatingMethodAccessorImpl.invoke(DelegatingMethodAccessorImpl.java:43) ~[?:1.8.0_422]
	at java.lang.reflect.Method.invoke(Method.java:498) ~[?:1.8.0_422]
	at com.google.common.eventbus.EventSubscriber.handleEvent(EventSubscriber.java:74) ~[guava-17.0.jar:?]
	at com.google.common.eventbus.SynchronizedEventSubscriber.handleEvent(SynchronizedEventSubscriber.java:47) ~[guava-17.0.jar:?]
	at com.google.common.eventbus.EventBus.dispatch(EventBus.java:322) ~[guava-17.0.jar:?]
	at com.google.common.eventbus.EventBus.dispatchQueuedEvents(EventBus.java:304) ~[guava-17.0.jar:?]
	at com.google.common.eventbus.EventBus.post(EventBus.java:275) ~[guava-17.0.jar:?]
	at cpw.mods.fml.common.LoadController.sendEventToModContainer(LoadController.java:212) ~[recompiled_minecraft-1.7.10.jar:?]
	at cpw.mods.fml.common.LoadController.propogateStateMessage(LoadController.java:190) ~[recompiled_minecraft-1.7.10.jar:?]
	at sun.reflect.NativeMethodAccessorImpl.invoke0(Native Method) ~[?:1.8.0_422]
	at sun.reflect.NativeMethodAccessorImpl.invoke(NativeMethodAccessorImpl.java:62) ~[?:1.8.0_422]
	at sun.reflect.DelegatingMethodAccessorImpl.invoke(DelegatingMethodAccessorImpl.java:43) ~[?:1.8.0_422]
	at java.lang.reflect.Method.invoke(Method.java:498) ~[?:1.8.0_422]
	at com.google.common.eventbus.EventSubscriber.handleEvent(EventSubscriber.java:74) ~[guava-17.0.jar:?]
	at com.google.common.eventbus.SynchronizedEventSubscriber.handleEvent(SynchronizedEventSubscriber.java:47) ~[guava-17.0.jar:?]
	at com.google.common.eventbus.EventBus.dispatch(EventBus.java:322) ~[guava-17.0.jar:?]
	at com.google.common.eventbus.EventBus.dispatchQueuedEvents(EventBus.java:304) ~[guava-17.0.jar:?]
	at com.google.common.eventbus.EventBus.post(EventBus.java:275) ~[guava-17.0.jar:?]
	at cpw.mods.fml.common.LoadController.distributeStateMessage(LoadController.java:119) [LoadController.class:?]
	at cpw.mods.fml.common.Loader.preinitializeMods(Loader.java:556) [Loader.class:?]
	at cpw.mods.fml.client.FMLClientHandler.beginMinecraftLoading(FMLClientHandler.java:243) [FMLClientHandler.class:?]
	at net.minecraft.client.Minecraft.startGame(Minecraft.java:522) [Minecraft.class:?]
	at net.minecraft.client.Minecraft.run(Minecraft.java:942) [Minecraft.class:?]
	at net.minecraft.client.main.Main.main(Main.java:164) [Main.class:?]
	at sun.reflect.NativeMethodAccessorImpl.invoke0(Native Method) ~[?:1.8.0_422]
	at sun.reflect.NativeMethodAccessorImpl.invoke(NativeMethodAccessorImpl.java:62) ~[?:1.8.0_422]
	at sun.reflect.DelegatingMethodAccessorImpl.invoke(DelegatingMethodAccessorImpl.java:43) ~[?:1.8.0_422]
	at java.lang.reflect.Method.invoke(Method.java:498) ~[?:1.8.0_422]
	at net.minecraft.launchwrapper.Launch.launch(Launch.java:135) [launchwrapper-1.12.jar:?]
	at net.minecraft.launchwrapper.Launch.main(Launch.java:28) [launchwrapper-1.12.jar:?]
	at net.minecraftforge.gradle.GradleStartCommon.launch(GradleStartCommon.java:97) [mclauncher-1.7.10.jar:?]
	at GradleStart.main(GradleStart.java:40) [mclauncher-1.7.10.jar:?]
[00:11:42] [Client thread/INFO] [STDOUT/]: [net.minecraft.client.Minecraft:displayCrashReport:388]: ---- Minecraft Crash Report ----
// Why did you do that?

Time: 9/3/26 12:11 AM
Description: Initializing game

java.lang.NullPointerException: Initializing game
	at net.malisis.doors.internal.util.replacement.ReplacementTool.replaceVanilla(ReplacementTool.java:135)
	at net.malisis.doors.internal.util.replacement.ReplacementTool.replaceVanillaBlock(ReplacementTool.java:173)
	at net.malisis.doors.Registers.registerVanillaTrapDoor(Registers.java:152)
	at net.malisis.doors.Registers.init(Registers.java:96)
	at net.malisis.doors.MalisisDoors.preInit(MalisisDoors.java:64)
	at sun.reflect.NativeMethodAccessorImpl.invoke0(Native Method)
	at sun.reflect.NativeMethodAccessorImpl.invoke(NativeMethodAccessorImpl.java:62)
	at sun.reflect.DelegatingMethodAccessorImpl.invoke(DelegatingMethodAccessorImpl.java:43)
	at java.lang.reflect.Method.invoke(Method.java:498)
	at cpw.mods.fml.common.FMLModContainer.handleModStateEvent(FMLModContainer.java:532)
	at sun.reflect.NativeMethodAccessorImpl.invoke0(Native Method)
	at sun.reflect.NativeMethodAccessorImpl.invoke(NativeMethodAccessorImpl.java:62)
	at sun.reflect.DelegatingMethodAccessorImpl.invoke(DelegatingMethodAccessorImpl.java:43)
	at java.lang.reflect.Method.invoke(Method.java:498)
	at com.google.common.eventbus.EventSubscriber.handleEvent(EventSubscriber.java:74)
	at com.google.common.eventbus.SynchronizedEventSubscriber.handleEvent(SynchronizedEventSubscriber.java:47)
	at com.google.common.eventbus.EventBus.dispatch(EventBus.java:322)
	at com.google.common.eventbus.EventBus.dispatchQueuedEvents(EventBus.java:304)
	at com.google.common.eventbus.EventBus.post(EventBus.java:275)
	at cpw.mods.fml.common.LoadController.sendEventToModContainer(LoadController.java:212)
	at cpw.mods.fml.common.LoadController.propogateStateMessage(LoadController.java:190)
	at sun.reflect.NativeMethodAccessorImpl.invoke0(Native Method)
	at sun.reflect.NativeMethodAccessorImpl.invoke(NativeMethodAccessorImpl.java:62)
	at sun.reflect.DelegatingMethodAccessorImpl.invoke(DelegatingMethodAccessorImpl.java:43)
	at java.lang.reflect.Method.invoke(Method.java:498)
	at com.google.common.eventbus.EventSubscriber.handleEvent(EventSubscriber.java:74)
	at com.google.common.eventbus.SynchronizedEventSubscriber.handleEvent(SynchronizedEventSubscriber.java:47)
	at com.google.common.eventbus.EventBus.dispatch(EventBus.java:322)
	at com.google.common.eventbus.EventBus.dispatchQueuedEvents(EventBus.java:304)
	at com.google.common.eventbus.EventBus.post(EventBus.java:275)
	at cpw.mods.fml.common.LoadController.distributeStateMessage(LoadController.java:119)
	at cpw.mods.fml.common.Loader.preinitializeMods(Loader.java:556)
	at cpw.mods.fml.client.FMLClientHandler.beginMinecraftLoading(FMLClientHandler.java:243)
	at net.minecraft.client.Minecraft.startGame(Minecraft.java:522)
	at net.minecraft.client.Minecraft.run(Minecraft.java:942)
	at net.minecraft.client.main.Main.main(Main.java:164)
	at sun.reflect.NativeMethodAccessorImpl.invoke0(Native Method)
	at sun.reflect.NativeMethodAccessorImpl.invoke(NativeMethodAccessorImpl.java:62)
	at sun.reflect.DelegatingMethodAccessorImpl.invoke(DelegatingMethodAccessorImpl.java:43)
	at java.lang.reflect.Method.invoke(Method.java:498)
	at net.minecraft.launchwrapper.Launch.launch(Launch.java:135)
	at net.minecraft.launchwrapper.Launch.main(Launch.java:28)
	at net.minecraftforge.gradle.GradleStartCommon.launch(GradleStartCommon.java:97)
	at GradleStart.main(GradleStart.java:40)


A detailed walkthrough of the error, its code path and all known details is as follows:
---------------------------------------------------------------------------------------

-- Head --
Stacktrace:
	at net.malisis.doors.internal.util.replacement.ReplacementTool.replaceVanilla(ReplacementTool.java:135)
	at net.malisis.doors.internal.util.replacement.ReplacementTool.replaceVanillaBlock(ReplacementTool.java:173)
	at net.malisis.doors.Registers.registerVanillaTrapDoor(Registers.java:152)
	at net.malisis.doors.Registers.init(Registers.java:96)
	at net.malisis.doors.MalisisDoors.preInit(MalisisDoors.java:64)
	at sun.reflect.NativeMethodAccessorImpl.invoke0(Native Method)
	at sun.reflect.NativeMethodAccessorImpl.invoke(NativeMethodAccessorImpl.java:62)
	at sun.reflect.DelegatingMethodAccessorImpl.invoke(DelegatingMethodAccessorImpl.java:43)
	at java.lang.reflect.Method.invoke(Method.java:498)
	at cpw.mods.fml.common.FMLModContainer.handleModStateEvent(FMLModContainer.java:532)
	at sun.reflect.NativeMethodAccessorImpl.invoke0(Native Method)
	at sun.reflect.NativeMethodAccessorImpl.invoke(NativeMethodAccessorImpl.java:62)
	at sun.reflect.DelegatingMethodAccessorImpl.invoke(DelegatingMethodAccessorImpl.java:43)
	at java.lang.reflect.Method.invoke(Method.java:498)
	at com.google.common.eventbus.EventSubscriber.handleEvent(EventSubscriber.java:74)
	at com.google.common.eventbus.SynchronizedEventSubscriber.handleEvent(SynchronizedEventSubscriber.java:47)
	at com.google.common.eventbus.EventBus.dispatch(EventBus.java:322)
	at com.google.common.eventbus.EventBus.dispatchQueuedEvents(EventBus.java:304)
	at com.google.common.eventbus.EventBus.post(EventBus.java:275)
	at cpw.mods.fml.common.LoadController.sendEventToModContainer(LoadController.java:212)
	at cpw.mods.fml.common.LoadController.propogateStateMessage(LoadController.java:190)
	at sun.reflect.NativeMethodAccessorImpl.invoke0(Native Method)
	at sun.reflect.NativeMethodAccessorImpl.invoke(NativeMethodAccessorImpl.java:62)
	at sun.reflect.DelegatingMethodAccessorImpl.invoke(DelegatingMethodAccessorImpl.java:43)
	at java.lang.reflect.Method.invoke(Method.java:498)
	at com.google.common.eventbus.EventSubscriber.handleEvent(EventSubscriber.java:74)
	at com.google.common.eventbus.SynchronizedEventSubscriber.handleEvent(SynchronizedEventSubscriber.java:47)
	at com.google.common.eventbus.EventBus.dispatch(EventBus.java:322)
	at com.google.common.eventbus.EventBus.dispatchQueuedEvents(EventBus.java:304)
	at com.google.common.eventbus.EventBus.post(EventBus.java:275)
	at cpw.mods.fml.common.LoadController.distributeStateMessage(LoadController.java:119)
	at cpw.mods.fml.common.Loader.preinitializeMods(Loader.java:556)
	at cpw.mods.fml.client.FMLClientHandler.beginMinecraftLoading(FMLClientHandler.java:243)
	at net.minecraft.client.Minecraft.startGame(Minecraft.java:522)

-- Initialization --
Details:
Stacktrace:
	at net.minecraft.client.Minecraft.run(Minecraft.java:942)
	at net.minecraft.client.main.Main.main(Main.java:164)
	at sun.reflect.NativeMethodAccessorImpl.invoke0(Native Method)
	at sun.reflect.NativeMethodAccessorImpl.invoke(NativeMethodAccessorImpl.java:62)
	at sun.reflect.DelegatingMethodAccessorImpl.invoke(DelegatingMethodAccessorImpl.java:43)
	at java.lang.reflect.Method.invoke(Method.java:498)
	at net.minecraft.launchwrapper.Launch.launch(Launch.java:135)
	at net.minecraft.launchwrapper.Launch.main(Launch.java:28)
	at net.minecraftforge.gradle.GradleStartCommon.launch(GradleStartCommon.java:97)
	at GradleStart.main(GradleStart.java:40)

-- System Details --
Details:
	Minecraft Version: 1.7.10
	Operating System: Windows 10 (amd64) version 10.0
	Java Version: 1.8.0_422, Azul Systems, Inc.
	Java VM Version: OpenJDK 64-Bit Server VM (mixed mode), Azul Systems, Inc.
	Memory: 1054308184 bytes (1005 MB) / 1334837248 bytes (1273 MB) up to 5726797824 bytes (5461 MB)
	JVM Flags: 2 total; -Xms1G -Xmx6G
	AABB Pool Size: 0 (0 bytes; 0 MB) allocated, 0 (0 bytes; 0 MB) used
	IntCache: cache: 0, tcache: 0, allocated: 0, tallocated: 0
	FML: MCP v9.05 FML v7.10.99.99 Minecraft Forge 10.13.4.1614 6 mods loaded, 6 mods active
	States: 'U' = Unloaded 'L' = Loaded 'C' = Constructed 'H' = Pre-initialized 'I' = Initialized 'J' = Post-initialized 'A' = Available 'D' = Disabled 'E' = Errored
	UCH	mcp{9.05} [Minecraft Coder Pack] (minecraft.jar) 
	UCH	FML{7.10.99.99} [Forge Mod Loader] (recompiled_minecraft-1.7.10.jar) 
	UCH	Forge{10.13.4.1614} [Minecraft Forge] (recompiled_minecraft-1.7.10.jar) 
	UCH	NotEnoughItems{2.8.114-GTNH} [NotEnoughItems] (NotEnoughItems-2.8.114-GTNH-dev.jar) 
	UCH	CodeChickenCore{1.4.16} [CodeChicken Core] (minecraft.jar) 
	UCE	malisisdoors{1.7.10-1.13.2} [Malisis' Doors] (malisisdoors-1.7.10-1.13.2-dev.jar) 
	GL info: ' Vendor: 'NVIDIA Corporation' Version: '4.6.0 NVIDIA 616.56' Renderer: 'NVIDIA GeForce RTX 2080 SUPER/PCIe/SSE2'
	Launched Version: 1.7.10
	LWJGL: 2.9.4
	OpenGL: NVIDIA GeForce RTX 2080 SUPER/PCIe/SSE2 GL version 4.6.0 NVIDIA 616.56, NVIDIA Corporation
	GL Caps: Using GL 1.3 multitexturing.
Using framebuffer objects because OpenGL 3.0 is supported and separate blending is supported.
Anisotropic filtering is supported and maximum anisotropy is 16.
Shaders are available because OpenGL 2.1 is supported.

	Is Modded: Definitely; Client brand changed to 'fml,forge'
	Type: Client (map_client.txt)
	Resource Packs: []
	Current Language: English (US)
	Profiler Position: N/A (disabled)
	Vec3 Pool Size: 0 (0 bytes; 0 MB) allocated, 0 (0 bytes; 0 MB) used
	Anisotropic Filtering: Off (1)
[00:11:42] [Client thread/INFO] [STDOUT/]: [net.minecraft.client.Minecraft:displayCrashReport:398]: #@!@# Game crashed! Crash report saved to: #@!@# C:\Users\Owner\Documents\Downloads\bullshit\MalisisDoorsragecraftver\run\crash-reports\crash-2026-09-03_00.11.42-client.txt
